ProjectID,ProjectType,TaskID,TaskDescription,TaskType,MemberID,SkillsExpertise,ExperienceLevel,EducationLevel,RoleInTeam,PerformanceScore
Proj_62,Web Development,Task_0,Lead gun soon reach know expect.,Deployment,Member_0,"contain, must, to, case, tax",Senior,Bachelor,Tester,7
Proj_71,Web Development,Task_1,Tax bit only green big consumer year laugh modern west.,UI/UX Design,Member_1,"husband, north, where, door, high",Junior,PhD,Database Manager,1
Proj_82,Mobile App Development,Task_2,Material matter born support various to item church pull anything again school.,Database Management,Member_2,"alone, among, husband, miss, test",Senior,Diploma,Developer,10
Proj_47,Mobile App Development,Task_3,Protect road television business safe especially where.,Backend Development,Member_3,"hundred, newspaper, kid, claim, action",Junior,Diploma,Database Manager,1
Proj_92,Web Development,Task_4,Drop station knowledge sign or what night.,Database Management,Member_4,"bit, talk, window, along, major",Junior,Master,Project Manager,8
Proj_67,Web Development,Task_5,If hundred source across successful think once work act cost beautiful.,Deployment,Member_5,"green, born, together, deep, model",Senior,Master,Designer,6
Proj_89,Mobile App Development,Task_6,Teacher course among west skill sing argue.,Deployment,Member_6,"charge, choose, machine, cup, manager",Senior,Bachelor,Developer,3
Proj_98,Web Development,Task_7,Ball medical field candidate low current develop first try purpose store.,Database Management,Member_7,"behavior, near, something, spring, move",Mid-level,PhD,Database Manager,10
Proj_6,Web Development,Task_8,Score rate reduce picture believe return question head majority value particular doctor smile.,Testing,Member_8,"knowledge, trade, stuff, along, power",Mid-level,Master,Designer,6
Proj_93,Web Development,Task_9,Maybe him themselves look among Congress yourself tend majority country around.,UI/UX Design,Member_9,"event, specific, address, around, despite",Junior,Master,Designer,2
Proj_67,Mobile App Development,Task_10,Sort paper public clearly nothing stand still bad miss commercial conference whose.,UI/UX Design,Member_10,"find, hair, tough, street, child",Junior,Diploma,Project Manager,6
Proj_69,Web Development,Task_11,However remain form stuff evening whose sport prepare yeah ball.,Database Management,Member_11,"reduce, realize, red, rule, here",Mid-level,Bachelor,Project Manager,8
Proj_70,Mobile App Development,Task_12,Far order fill magazine if foreign fast various painting music.,Backend Development,Member_12,"threat, stop, strong, buy, hear",Mid-level,PhD,Tester,2
Proj_89,Mobile App Development,Task_13,Address hear week worker everyone hard soon reality star determine.,Frontend Development,Member_13,"several, run, require, investment, church",Junior,Master,Project Manager,4
Proj_98,Web Development,Task_14,Student whether official receive inside example which.,Deployment,Member_14,"cut, produce, ability, discussion, rich",Junior,Diploma,Tester,10
Proj_93,Mobile App Development,Task_15,Individual class simply growth better four.,Backend Development,Member_15,"few, executive, along, lose, there",Mid-level,Master,Database Manager,9
Proj_67,Mobile App Development,Task_16,High tax radio animal fast according offer process religious.,Frontend Development,Member_16,"service, travel, maybe, shoulder, close",Junior,PhD,Project Manager,3
Proj_79,Web Development,Task_17,Job series future hit would fight finish peace read.,Database Management,Member_17,"but, piece, particular, yeah, green",Senior,PhD,Project Manager,10
Proj_5,Mobile App Development,Task_18,Country company course serious street small section design former.,UI/UX Design,Member_18,"this, important, hair, design, movie",Mid-level,Diploma,Designer,9
Proj_84,Web Development,Task_19,Government main news career everything shake agree edge board position surface second.,Database Management,Member_19,"sense, step, body, behavior, same",Junior,Master,Designer,3
Proj_18,Web Development,Task_20,Toward begin appear full bad through size back particular.,Deployment,Member_20,"perform, summer, likely, democratic, issue",Mid-level,Bachelor,Developer,5
Proj_56,Mobile App Development,Task_21,She task seat pay idea story.,UI/UX Design,Member_21,"reveal, around, doctor, direction, probably",Mid-level,Master,Project Manager,2
Proj_55,Mobile App Development,Task_22,Recently other air particular front idea.,Frontend Development,Member_22,"past, physical, here, everybody, speak",Junior,Bachelor,Designer,6
Proj_38,Web Development,Task_23,Miss message coach thousand right development.,Testing,Member_23,"throw, suffer, front, kid, entire",Senior,Bachelor,Developer,9
Proj_23,Mobile App Development,Task_24,Certainly throughout fight possible store name what any reflect where training against case.,Deployment,Member_24,"set, especially, fund, shoulder, artist",Senior,Bachelor,Developer,7
Proj_38,Mobile App Development,Task_25,Same federal book author financial under wait bag four.,Database Management,Member_25,"begin, month, main, people, floor",Junior,Diploma,Developer,5
Proj_49,Mobile App Development,Task_26,Modern decade increase must reach force now far.,UI/UX Design,Member_26,"including, stop, gun, international, page",Mid-level,Bachelor,Database Manager,2
Proj_8,Web Development,Task_27,Interview ball check gun who high hit ability student major.,Database Management,Member_27,"response, admit, green, different, traditional",Mid-level,Master,Designer,8
Proj_8,Mobile App Development,Task_28,Fill everybody especially year one throughout actually month medical begin.,Backend Development,Member_28,"no, no, film, writer, start",Mid-level,Diploma,Developer,1
Proj_25,Mobile App Development,Task_29,History public loss health yet answer similar one response safe throw.,Database Management,Member_29,"start, task, personal, happy, cold",Senior,Bachelor,Tester,3
Proj_4,Mobile App Development,Task_30,Now cut firm final investment lay instead maintain.,UI/UX Design,Member_30,"seat, maybe, without, yeah, put",Senior,Bachelor,Designer,2
Proj_87,Web Development,Task_31,After avoid according suddenly no response realize born nor dream arm strong.,Frontend Development,Member_31,"really, difference, bill, deep, follow",Junior,PhD,Database Manager,5
Proj_12,Web Development,Task_32,Brother might commercial throughout animal include learn material whose become speech drive.,Database Management,Member_32,"management, simple, listen, move, answer",Junior,Diploma,Database Manager,7
Proj_100,Mobile App Development,Task_33,Son hair must magazine local interest lawyer ready price.,Deployment,Member_33,"which, data, adult, box, prove",Senior,Master,Developer,8
Proj_6,Mobile App Development,Task_34,Always successful action budget cup mention.,Database Management,Member_34,"decade, mention, range, else, camera",Mid-level,Master,Project Manager,5
Proj_8,Mobile App Development,Task_35,Interesting remain most knowledge especially site manage also chair need.,Deployment,Member_35,"add, sort, street, model, know",Junior,Bachelor,Developer,3
Proj_92,Mobile App Development,Task_36,Home increase whose individual cost pass do.,Deployment,Member_36,"yeah, suggest, station, provide, Democrat",Mid-level,Master,Tester,8
Proj_100,Mobile App Development,Task_37,Hospital enter social successful cold all investment prove sometimes system return bring.,Testing,Member_37,"together, speak, instead, important, deal",Senior,Diploma,Project Manager,9
Proj_48,Mobile App Development,Task_38,Bank myself growth others statement organization.,UI/UX Design,Member_38,"blue, should, lawyer, sea, administration",Junior,Diploma,Developer,7
Proj_65,Mobile App Development,Task_39,Campaign when agreement magazine reflect enough value practice food together be or.,UI/UX Design,Member_39,"compare, support, member, a, food",Mid-level,Bachelor,Database Manager,7
Proj_93,Mobile App Development,Task_40,Environment child ability movement figure green field become try TV next.,Database Management,Member_40,"civil, on, pass, left, activity",Junior,Bachelor,Developer,2
Proj_90,Web Development,Task_41,Small speech help responsibility man they spring provide.,UI/UX Design,Member_41,"past, feel, common, ten, whom",Junior,PhD,Tester,5
Proj_21,Web Development,Task_42,Entire forget time forget heart challenge able poor race teach eye house account.,Database Management,Member_42,"back, same, option, third, it",Junior,PhD,Database Manager,5
Proj_33,Mobile App Development,Task_43,Sport maintain if political bit happen his bring.,Frontend Development,Member_43,"door, occur, large, account, personal",Senior,Diploma,Tester,8
Proj_22,Web Development,Task_44,Skin writer dark about carry lead gas society yard its.,Backend Development,Member_44,"scene, particular, forward, budget, walk",Junior,Diploma,Developer,9
Proj_5,Mobile App Development,Task_45,Paper card box four feeling growth natural.,Testing,Member_45,"choose, hope, air, country, arm",Mid-level,Diploma,Designer,2
Proj_6,Web Development,Task_46,Especially cultural century poor Democrat serve return themselves get race break according the.,Testing,Member_46,"your, must, hundred, size, in",Mid-level,Master,Project Manager,8
Proj_45,Mobile App Development,Task_47,Until always TV we man PM detail president listen difficult.,Testing,Member_47,"nor, difficult, their, high, use",Junior,Master,Designer,1
Proj_40,Mobile App Development,Task_48,Congress PM wide pass recent human everything.,Deployment,Member_48,"piece, most, where, recognize, bar",Senior,PhD,Designer,9
Proj_6,Web Development,Task_49,Others network within support strategy after mouth analysis.,Database Management,Member_49,"despite, reduce, participant, throughout, or",Senior,Diploma,Database Manager,7
Proj_22,Mobile App Development,Task_50,View another fund own western of change physical thank stuff.,Testing,Member_50,"reveal, your, word, culture, clearly",Mid-level,PhD,Database Manager,3
Proj_95,Web Development,Task_51,Ready serve professional north mind floor put dinner entire same PM radio fall.,Database Management,Member_51,"on, evening, baby, accept, fight",Junior,PhD,Database Manager,7
Proj_68,Mobile App Development,Task_52,Network daughter kitchen public left information room think.,UI/UX Design,Member_52,"process, Republican, discussion, why, many",Junior,Bachelor,Designer,8
Proj_28,Web Development,Task_53,Conference authority small board shake however happen point seven range vote crime.,Testing,Member_53,"after, dinner, difficult, opportunity, floor",Junior,Bachelor,Developer,8
Proj_31,Mobile App Development,Task_54,Since mention miss realize than plant then policy car south actually nearly little.,Deployment,Member_54,"least, hotel, age, leg, politics",Senior,PhD,Tester,7
Proj_81,Web Development,Task_55,Discussion family war money air condition stay mouth.,Testing,Member_55,"senior, chance, toward, glass, security",Mid-level,Diploma,Project Manager,7
Proj_70,Mobile App Development,Task_56,Girl organization story store drop TV.,Backend Development,Member_56,"east, agent, leave, standard, television",Junior,Master,Developer,7
Proj_13,Mobile App Development,Task_57,Ok accept tell thousand author movie.,Frontend Development,Member_57,"spend, policy, guy, serious, one",Senior,Master,Project Manager,6
Proj_50,Mobile App Development,Task_58,At give miss sort four open specific stuff yeah open each chair speech.,UI/UX Design,Member_58,"fly, oil, think, if, new",Mid-level,Diploma,Database Manager,3
Proj_55,Web Development,Task_59,Production else simply let born executive.,Backend Development,Member_59,"develop, bed, behind, forget, special",Junior,Bachelor,Tester,7
Proj_73,Web Development,Task_60,Floor many hope surface budget since improve itself group store away day wife.,Database Management,Member_60,"reach, manager, skin, everything, note",Senior,Master,Tester,9
Proj_62,Mobile App Development,Task_61,Method window operation growth affect friend go these.,Backend Development,Member_61,"security, check, modern, knowledge, season",Senior,PhD,Project Manager,9
Proj_3,Web Development,Task_62,Thank road report from actually all around onto clear administration.,Deployment,Member_62,"agency, probably, because, Congress, he",Junior,Master,Tester,4
Proj_41,Web Development,Task_63,Health score space state strong soldier blue look mind safe admit support.,Database Management,Member_63,"Democrat, available, produce, total, agent",Senior,Master,Developer,5
Proj_75,Web Development,Task_64,Education if writer him either news.,Backend Development,Member_64,"city, third, low, garden, such",Mid-level,Master,Project Manager,6
Proj_33,Mobile App Development,Task_65,Clear follow finish religious anyone top heavy every toward.,Backend Development,Member_65,"space, myself, give, window, organization",Senior,PhD,Developer,3
Proj_82,Web Development,Task_66,Reduce space drug dog project president ready mind training support each.,Testing,Member_66,"particular, if, law, practice, when",Junior,Diploma,Designer,8
Proj_84,Web Development,Task_67,Memory real effort shoulder necessary provide generation act professional.,Frontend Development,Member_67,"southern, natural, spring, senior, young",Mid-level,Bachelor,Tester,4
Proj_95,Web Development,Task_68,Black north travel girl doctor help thus sense but really drive everybody research.,Deployment,Member_68,"finally, weight, president, his, fight",Junior,PhD,Project Manager,7
Proj_80,Mobile App Development,Task_69,Rule hot worry poor house style always onto among arm above standard.,Backend Development,Member_69,"source, look, join, choice, car",Senior,Bachelor,Developer,10
Proj_21,Web Development,Task_70,Leg small set stand everybody reality support quality let cold.,Frontend Development,Member_70,"while, just, fund, main, soon",Senior,Master,Project Manager,3
Proj_91,Web Development,Task_71,Development office happen fund six sometimes myself system forward writer bank we sing.,Deployment,Member_71,"west, have, star, nature, carry",Senior,Diploma,Database Manager,8
Proj_73,Mobile App Development,Task_72,Door lay usually season involve game store short say life.,Backend Development,Member_72,"I, appear, reduce, owner, it",Senior,Bachelor,Developer,6
Proj_43,Web Development,Task_73,Significant moment suddenly Democrat Mrs away door.,Testing,Member_73,"form, environmental, own, institution, sometimes",Mid-level,Bachelor,Developer,9
Proj_28,Mobile App Development,Task_74,Cut hospital black across despite include push various space direction successful father focus.,Deployment,Member_74,"throughout, eye, Republican, serious, sense",Junior,Bachelor,Developer,2
Proj_67,Web Development,Task_75,Quite whatever star past talk area democratic hit.,Backend Development,Member_75,"visit, full, who, kitchen, for",Senior,PhD,Designer,5
Proj_6,Web Development,Task_76,Miss think economic than generation base out wonder what claim Democrat.,Frontend Development,Member_76,"happen, production, medical, certainly, report",Mid-level,Master,Project Manager,8
Proj_18,Mobile App Development,Task_77,Table fish home center night democratic these.,Testing,Member_77,"check, training, choose, fill, first",Junior,Bachelor,Database Manager,8
Proj_20,Web Development,Task_78,Return treatment billion song image Mrs toward put ready education now.,Database Management,Member_78,"focus, less, reason, early, away",Junior,Bachelor,Developer,9
Proj_20,Web Development,Task_79,Real model film road father agreement sell music any there concern policy their.,Testing,Member_79,"forward, travel, thus, coach, policy",Mid-level,Master,Developer,2
Proj_56,Mobile App Development,Task_80,Side watch join tax service church will figure language strategy nothing around.,Backend Development,Member_80,"television, simple, save, know, leader",Senior,Master,Developer,8
Proj_42,Web Development,Task_81,Decision physical station local choice rate who physical natural break charge.,Backend Development,Member_81,"painting, scene, measure, hot, before",Mid-level,Master,Developer,6
Proj_51,Mobile App Development,Task_82,Position alone win use take professor young force like they section.,UI/UX Design,Member_82,"recent, section, move, test, carry",Junior,Diploma,Developer,10
Proj_86,Web Development,Task_83,Generation song away describe agree foreign field piece church Congress source.,Frontend Development,Member_83,"reduce, eat, democratic, skin, choose",Junior,PhD,Designer,1
Proj_84,Web Development,Task_84,Traditional government career possible but take age general money avoid.,UI/UX Design,Member_84,"figure, current, matter, either, fact",Mid-level,PhD,Tester,5
Proj_85,Mobile App Development,Task_85,Learn agency walk conference product wrong.,Deployment,Member_85,"like, sometimes, once, because, finally",Junior,PhD,Tester,3
Proj_36,Mobile App Development,Task_86,Morning product movie forward protect full loss now most American author base.,Deployment,Member_86,"beyond, much, whatever, what, offer",Junior,Bachelor,Database Manager,10
Proj_70,Mobile App Development,Task_87,Threat window claim believe save usually remember office nearly small.,Backend Development,Member_87,"city, Mrs, effort, side, TV",Junior,PhD,Designer,7
Proj_47,Web Development,Task_88,Matter help cause picture take might success future effect success policy.,Database Management,Member_88,"or, practice, arm, door, including",Mid-level,PhD,Database Manager,10
Proj_9,Mobile App Development,Task_89,Leader whose health alone I poor wide few authority future.,Backend Development,Member_89,"rich, property, career, foreign, up",Junior,Master,Designer,9
Proj_34,Mobile App Development,Task_90,Million quickly who list through others very decade office south really recently.,UI/UX Design,Member_90,"population, actually, see, head, middle",Senior,PhD,Tester,2
Proj_50,Mobile App Development,Task_91,Area rate others follow task often first cultural PM power game according.,UI/UX Design,Member_91,"PM, month, detail, effort, woman",Junior,Bachelor,Project Manager,7
Proj_38,Web Development,Task_92,Whose do entire strong ahead law radio hold.,UI/UX Design,Member_92,"but, organization, state, have, serious",Junior,Diploma,Designer,1
Proj_60,Mobile App Development,Task_93,Crime might bit goal about deep fly drop friend explain cost turn teach.,Testing,Member_93,"hour, PM, fact, finally, send",Junior,Bachelor,Database Manager,5
Proj_88,Mobile App Development,Task_94,Still politics teach lay pretty lead speak notice series say form rather.,Frontend Development,Member_94,"keep, wear, role, four, design",Mid-level,PhD,Tester,6
Proj_79,Web Development,Task_95,Financial man country card product history tonight event mean base wrong with health.,Deployment,Member_95,"happy, finally, time, people, card",Junior,Bachelor,Tester,1
Proj_43,Web Development,Task_96,Culture particularly catch prove send lawyer represent drop study including particular future half.,Deployment,Member_96,"bank, movie, election, outside, soldier",Senior,Master,Database Manager,9
Proj_35,Mobile App Development,Task_97,Appear into she executive sound forward no.,Deployment,Member_97,"customer, success, item, hundred, nothing",Senior,PhD,Database Manager,3
Proj_12,Web Development,Task_98,Contain throughout determine success deep civil wish.,Frontend Development,Member_98,"month, different, certain, small, model",Mid-level,Diploma,Developer,10
Proj_53,Mobile App Development,Task_99,Money particular begin group keep evidence film what deep.,Testing,Member_99,"Mr, become, number, notice, stay",Junior,PhD,Developer,5
Proj_45,Web Development,Task_100,Very design then vote someone who manage tax.,Testing,Member_100,"picture, morning, factor, party, among",Mid-level,Bachelor,Tester,5
Proj_52,Web Development,Task_101,Executive simple agreement realize by ground before evening just thank Democrat nothing.,UI/UX Design,Member_101,"conference, dinner, term, he, save",Junior,Master,Designer,10
Proj_48,Mobile App Development,Task_102,Bit administration third still whether development project seem foreign modern.,Frontend Development,Member_102,"back, term, create, hear, remember",Senior,PhD,Database Manager,7
Proj_46,Mobile App Development,Task_103,Between large create page help word operation very spring above.,Deployment,Member_103,"produce, visit, manage, pretty, alone",Mid-level,Master,Database Manager,4
Proj_76,Web Development,Task_104,Fire system least art item eat property film.,Database Management,Member_104,"experience, increase, rather, usually, read",Senior,PhD,Tester,5
Proj_93,Mobile App Development,Task_105,Garden start shoulder discussion stand miss itself throw week.,UI/UX Design,Member_105,"generation, real, then, pay, move",Junior,PhD,Developer,8
Proj_55,Web Development,Task_106,Structure physical group third account scene purpose forget then light fill.,Deployment,Member_106,"meeting, out, financial, design, both",Mid-level,PhD,Tester,4
Proj_57,Web Development,Task_107,Year quite student enjoy other win.,Frontend Development,Member_107,"much, I, employee, story, tax",Senior,Bachelor,Tester,4
Proj_81,Web Development,Task_108,Challenge middle build clear relate six employee realize.,Database Management,Member_108,"cold, senior, dog, community, task",Senior,Bachelor,Developer,3
Proj_57,Web Development,Task_109,Before real property do address sense it newspaper great cup sign through education large.,Database Management,Member_109,"anyone, card, give, day, sometimes",Senior,Master,Project Manager,2
Proj_17,Mobile App Development,Task_110,Per away system nice same also money economy understand.,Frontend Development,Member_110,"kind, key, fact, good, full",Senior,Diploma,Designer,2
Proj_84,Mobile App Development,Task_111,Five value interest safe professional artist.,UI/UX Design,Member_111,"very, factor, people, none, difficult",Mid-level,Master,Designer,7
Proj_81,Mobile App Development,Task_112,From Republican series best anything dark in top enough day exactly example yes.,Database Management,Member_112,"there, brother, full, nothing, itself",Senior,Diploma,Designer,5
Proj_88,Mobile App Development,Task_113,Necessary no describe military hope energy.,Testing,Member_113,"them, high, sort, collection, hour",Mid-level,Diploma,Tester,1
Proj_71,Web Development,Task_114,Base would although choose worry several although however common claim.,Database Management,Member_114,"suffer, member, draw, at, environment",Junior,Master,Project Manager,10
Proj_100,Mobile App Development,Task_115,Although goal debate beat send scientist president debate skill about.,Backend Development,Member_115,"individual, put, method, prevent, suggest",Mid-level,PhD,Tester,2
Proj_76,Web Development,Task_116,Quality safe deal agent who area.,Frontend Development,Member_116,"experience, method, data, hit, minute",Senior,Master,Database Manager,7
Proj_91,Mobile App Development,Task_117,Better read leave environmental risk age television.,UI/UX Design,Member_117,"pattern, choice, into, any, arrive",Mid-level,Bachelor,Designer,10
Proj_36,Web Development,Task_118,Key television size see foreign growth improve relate.,UI/UX Design,Member_118,"leave, issue, audience, particularly, can",Junior,PhD,Designer,2
Proj_58,Mobile App Development,Task_119,Item number in school offer seven unit nature truth your upon because.,Testing,Member_119,"as, join, thus, fish, until",Senior,Bachelor,Tester,9
Proj_3,Web Development,Task_120,Sign key common low effect reduce leader green individual artist.,Frontend Development,Member_120,"help, language, last, test, true",Junior,PhD,Developer,7
Proj_88,Mobile App Development,Task_121,Nice successful coach brother practice food north now magazine after.,Deployment,Member_121,"race, up, decision, start, everybody",Junior,Master,Designer,8
Proj_39,Mobile App Development,Task_122,Lead body base purpose know from feel structure industry.,UI/UX Design,Member_122,"beyond, live, free, body, billion",Mid-level,Diploma,Designer,9
Proj_55,Web Development,Task_123,History computer remember wind every key apply figure black book also wrong claim.,Frontend Development,Member_123,"concern, police, key, technology, attorney",Senior,Master,Project Manager,2
Proj_35,Web Development,Task_124,Claim oil environment performance always service guess affect compare trial manage for occur.,Backend Development,Member_124,"whole, at, reduce, senior, although",Junior,Diploma,Tester,3
Proj_68,Web Development,Task_125,Party question raise in thought again brother use issue finally entire.,UI/UX Design,Member_125,"chance, black, detail, where, four",Senior,Bachelor,Tester,6
Proj_53,Mobile App Development,Task_126,Chair kind fast position tough laugh bank call consider check surface.,Database Management,Member_126,"happen, town, give, interesting, interest",Mid-level,Bachelor,Designer,5
Proj_45,Web Development,Task_127,Wonder community piece fear human country.,UI/UX Design,Member_127,"specific, thought, military, arrive, rest",Mid-level,Bachelor,Tester,2
Proj_29,Mobile App Development,Task_128,Growth build system a big structure religious personal military doctor carry.,Backend Development,Member_128,"local, sound, group, training, industry",Mid-level,Bachelor,Developer,6
Proj_98,Web Development,Task_129,Majority visit reason home similar since move those table wife service civil pull.,Backend Development,Member_129,"wide, animal, street, because, situation",Senior,PhD,Tester,2
Proj_35,Mobile App Development,Task_130,Plant long inside leader listen quite throughout responsibility Mrs director bag.,UI/UX Design,Member_130,"administration, option, watch, serve, if",Senior,PhD,Project Manager,2
Proj_92,Web Development,Task_131,Strategy response current bar despite physical tree to decision carry.,Deployment,Member_131,"coach, per, history, process, standard",Mid-level,Master,Database Manager,8
Proj_15,Mobile App Development,Task_132,Professional well machine environment military light.,Database Management,Member_132,"audience, poor, in, interview, home",Junior,PhD,Developer,1
Proj_42,Mobile App Development,Task_133,Need small tough speak such magazine court generation across chair street hair.,Frontend Development,Member_133,"partner, economy, billion, detail, dream",Mid-level,PhD,Developer,1
Proj_59,Web Development,Task_134,Computer put information bring half other government should.,Testing,Member_134,"be, brother, understand, whether, back",Mid-level,Master,Developer,7
Proj_62,Mobile App Development,Task_135,Conference reveal pick garden list case create.,UI/UX Design,Member_135,"but, development, news, military, ball",Senior,Bachelor,Project Manager,9
Proj_29,Mobile App Development,Task_136,About direction alone during understand pick.,UI/UX Design,Member_136,"hand, agreement, if, including, knowledge",Mid-level,Master,Developer,6
Proj_8,Mobile App Development,Task_137,Ten hand that song everybody score position affect fact military.,Testing,Member_137,"agree, yes, hundred, heart, learn",Junior,Diploma,Developer,8
Proj_40,Mobile App Development,Task_138,Everything deal student off year man best dream pull.,Testing,Member_138,"art, seem, cut, Democrat, baby",Senior,Diploma,Project Manager,10
Proj_97,Mobile App Development,Task_139,Contain including time stock audience top daughter thought nothing six serve people outside.,UI/UX Design,Member_139,"cause, film, fly, wide, so",Senior,PhD,Tester,6
Proj_85,Web Development,Task_140,Main rate course assume similar weight industry out study notice traditional Democrat nation financial.,Database Management,Member_140,"manager, computer, morning, any, contain",Junior,Master,Designer,6
Proj_65,Web Development,Task_141,Break boy on choose miss guess lawyer always coach news watch environmental economy.,Frontend Development,Member_141,"perform, standard, against, write, none",Senior,Master,Designer,9
Proj_80,Web Development,Task_142,Discover party since represent live trade action discussion write resource play short century.,Deployment,Member_142,"modern, possible, eat, police, middle",Senior,Diploma,Project Manager,10
Proj_18,Web Development,Task_143,Sign into season ahead ready nation together than sea degree security.,Deployment,Member_143,"commercial, probably, value, teacher, friend",Junior,PhD,Tester,9
Proj_60,Mobile App Development,Task_144,Out artist baby begin beat issue.,UI/UX Design,Member_144,"expect, may, relate, knowledge, human",Senior,PhD,Tester,5
Proj_96,Mobile App Development,Task_145,Know computer class believe two safe industry read myself which cut.,Backend Development,Member_145,"fine, term, another, analysis, news",Junior,Bachelor,Tester,1
Proj_87,Web Development,Task_146,Safe blood technology five loss great security how minute theory indicate.,Testing,Member_146,"owner, draw, provide, resource, almost",Junior,Diploma,Project Manager,9
Proj_48,Web Development,Task_147,Allow be possible want long social hospital no subject firm.,Backend Development,Member_147,"allow, high, road, performance, often",Junior,Diploma,Project Manager,10
Proj_25,Mobile App Development,Task_148,End second letter technology right red scientist soon road capital and.,Database Management,Member_148,"heart, certainly, throughout, free, consumer",Senior,Master,Project Manager,6
Proj_68,Mobile App Development,Task_149,Form yet bed sometimes law already exactly seven pattern man for way vote.,Backend Development,Member_149,"pressure, notice, speak, soldier, race",Mid-level,Diploma,Designer,1
Proj_4,Mobile App Development,Task_150,Certainly trade move star look art.,Backend Development,Member_150,"Congress, record, political, instead, heart",Senior,Diploma,Tester,3
Proj_72,Web Development,Task_151,Strategy arrive even present view writer develop feel figure rate room.,Backend Development,Member_151,"along, change, need, season, consider",Senior,Master,Designer,9
Proj_24,Mobile App Development,Task_152,Between team success physical hear my open project commercial establish your another personal.,Deployment,Member_152,"forget, behind, until, hotel, Republican",Junior,Bachelor,Tester,3
Proj_22,Web Development,Task_153,Particular as choose capital meeting job figure.,Frontend Development,Member_153,"color, heavy, each, community, current",Junior,Diploma,Project Manager,2
Proj_28,Mobile App Development,Task_154,Agent tend science simple before economy only discover open degree fire.,Testing,Member_154,"skill, discussion, focus, table, agent",Junior,Diploma,Project Manager,7
Proj_29,Mobile App Development,Task_155,Pattern threat lead occur agency child show position chance into.,Backend Development,Member_155,"size, community, let, bring, purpose",Senior,PhD,Database Manager,8
Proj_52,Mobile App Development,Task_156,Have person go more throughout wonder south office data.,Testing,Member_156,"whole, effort, court, former, fall",Junior,Bachelor,Tester,4
Proj_65,Mobile App Development,Task_157,Black would quite trade according customer view world let relationship.,Backend Development,Member_157,"attack, next, address, war, heart",Senior,Diploma,Designer,3
Proj_83,Mobile App Development,Task_158,Put man whether social either family little short.,Testing,Member_158,"contain, right, room, along, until",Mid-level,Diploma,Project Manager,3
Proj_18,Web Development,Task_159,Sure which minute space painting mission local.,Frontend Development,Member_159,"environment, head, camera, vote, act",Senior,Diploma,Tester,3
Proj_76,Mobile App Development,Task_160,Finish series able ahead discuss provide few across look talk prevent white put.,Database Management,Member_160,"care, experience, what, environment, song",Senior,Diploma,Designer,8
Proj_87,Mobile App Development,Task_161,Step week drug not require last reason always enjoy industry garden degree.,Frontend Development,Member_161,"protect, tell, up, hospital, approach",Junior,Bachelor,Tester,9
Proj_90,Mobile App Development,Task_162,Arm performance record difficult different read explain box raise.,Frontend Development,Member_162,"health, rate, business, play, short",Mid-level,PhD,Developer,5
Proj_83,Mobile App Development,Task_163,Management from range audience generation political team form weight travel treatment good item recent.,UI/UX Design,Member_163,"clear, executive, finish, drive, government",Junior,Diploma,Tester,3
Proj_1,Web Development,Task_164,She stock be whose race fight live win.,Frontend Development,Member_164,"certain, make, pass, mention, view",Junior,Bachelor,Project Manager,10
Proj_7,Web Development,Task_165,Prepare young forget history people hour.,Frontend Development,Member_165,"again, analysis, argue, easy, painting",Mid-level,Master,Developer,4
Proj_86,Web Development,Task_166,Table discuss item present democratic land.,Testing,Member_166,"hair, town, much, individual, attention",Senior,Master,Database Manager,9
Proj_25,Web Development,Task_167,Through win walk talk professor less hundred participant project could skin answer.,Frontend Development,Member_167,"century, production, life, from, short",Mid-level,Bachelor,Developer,6
Proj_100,Mobile App Development,Task_168,Myself Congress Mrs structure happen than structure add local itself rather.,UI/UX Design,Member_168,"enjoy, rise, wall, product, manager",Mid-level,PhD,Designer,4
Proj_18,Mobile App Development,Task_169,Notice difficult pull interest suggest whose work myself recent great hotel too.,Backend Development,Member_169,"language, marriage, public, black, culture",Senior,Bachelor,Project Manager,3
Proj_16,Mobile App Development,Task_170,Store teacher despite least serve air practice.,Testing,Member_170,"church, north, old, approach, positive",Mid-level,Master,Tester,5
Proj_1,Web Development,Task_171,Than also partner series soon his little personal turn conference.,Deployment,Member_171,"themselves, with, couple, join, task",Junior,Master,Database Manager,2
Proj_81,Web Development,Task_172,Movie center loss yet democratic least some probably.,Database Management,Member_172,"so, need, production, president, order",Senior,PhD,Developer,3
Proj_59,Mobile App Development,Task_173,Western right impact benefit discover material happy including personal both.,Database Management,Member_173,"court, there, carry, our, size",Senior,Diploma,Project Manager,1
Proj_25,Mobile App Development,Task_174,Provide note wonder parent a thing.,Database Management,Member_174,"loss, onto, him, like, student",Junior,Diploma,Designer,2
Proj_46,Web Development,Task_175,Food resource fast somebody choice political finish today popular seat material consider pass.,UI/UX Design,Member_175,"argue, left, not, suffer, various",Senior,Bachelor,Tester,1
Proj_30,Web Development,Task_176,Treat then crime yeah than foreign leader doctor.,Deployment,Member_176,"charge, question, them, conference, break",Senior,Bachelor,Developer,2
Proj_26,Web Development,Task_177,Worker less couple perhaps above factor building set.,Testing,Member_177,"result, lawyer, any, modern, glass",Junior,Bachelor,Database Manager,5
Proj_25,Web Development,Task_178,Develop form law direction get throughout strategy.,Deployment,Member_178,"market, really, nothing, show, appear",Mid-level,PhD,Project Manager,2
Proj_65,Web Development,Task_179,Serve reason school cover military church agent kind.,Testing,Member_179,"level, issue, nothing, light, security",Mid-level,Master,Designer,5
Proj_19,Web Development,Task_180,Quickly behind against pull if provide page manager.,Testing,Member_180,"bad, interest, church, him, officer",Senior,PhD,Database Manager,8
Proj_47,Web Development,Task_181,Thank attack how training other three her pull hit situation mission man.,Backend Development,Member_181,"model, commercial, want, head, bad",Senior,PhD,Designer,3
Proj_40,Mobile App Development,Task_182,Around into three fund wear any term somebody.,Backend Development,Member_182,"deep, young, general, level, tend",Mid-level,PhD,Tester,1
Proj_69,Web Development,Task_183,Decision raise pay process while hospital management and fast ready decision.,Deployment,Member_183,"yard, former, hair, production, use",Senior,Master,Database Manager,9
Proj_67,Mobile App Development,Task_184,Business draw here across series recent such simple be tonight best there.,Backend Development,Member_184,"guess, network, from, him, space",Junior,Diploma,Tester,5
Proj_83,Web Development,Task_185,Although drive focus prepare increase find owner Republican size like apply mother.,Database Management,Member_185,"they, environment, court, wife, floor",Mid-level,Diploma,Project Manager,1
Proj_16,Mobile App Development,Task_186,Time whole budget trip table tough finish administration teacher of.,Backend Development,Member_186,"language, eye, try, myself, company",Mid-level,Bachelor,Tester,5
Proj_77,Web Development,Task_187,Rock generation discussion somebody statement majority factor special bill.,Testing,Member_187,"the, then, really, certain, past",Junior,Diploma,Designer,9
Proj_55,Mobile App Development,Task_188,Hour hour fine fill building fly American cell like region discover.,Deployment,Member_188,"share, cold, example, attention, pretty",Junior,Master,Project Manager,9
Proj_33,Web Development,Task_189,Help usually explain court heavy and wall challenge.,Testing,Member_189,"series, morning, admit, apply, thank",Mid-level,Diploma,Database Manager,6
Proj_14,Web Development,Task_190,Although environment capital concern themselves guess clear expert child Mrs stock.,Database Management,Member_190,"we, magazine, would, fish, condition",Junior,Bachelor,Project Manager,1
Proj_97,Web Development,Task_191,Social something us economic center future well.,Database Management,Member_191,"exist, process, statement, the, foot",Mid-level,PhD,Project Manager,2
Proj_57,Mobile App Development,Task_192,Yard marriage benefit where traditional return.,Testing,Member_192,"already, which, very, that, fill",Mid-level,Diploma,Database Manager,2
Proj_80,Mobile App Development,Task_193,Benefit plan accept likely ago himself hard.,UI/UX Design,Member_193,"direction, success, fall, western, drop",Junior,Bachelor,Designer,4
Proj_77,Mobile App Development,Task_194,Difficult best third thing visit avoid turn raise know level board the.,Backend Development,Member_194,"coach, every, just, seat, simply",Mid-level,Master,Project Manager,5
Proj_5,Mobile App Development,Task_195,Add with west with hundred home boy ground Republican.,Backend Development,Member_195,"Mr, debate, color, join, provide",Senior,Master,Designer,8
Proj_23,Mobile App Development,Task_196,Property book method toward management she then consider only population name material.,Deployment,Member_196,"me, foot, use, for, out",Mid-level,Bachelor,Project Manager,3
Proj_4,Mobile App Development,Task_197,Determine buy involve may sure community top.,Testing,Member_197,"baby, reflect, yard, remain, worry",Senior,Diploma,Designer,4
Proj_73,Web Development,Task_198,Attorney country hotel skin federal me enjoy recent shake despite son garden.,Testing,Member_198,"indicate, could, drop, figure, threat",Mid-level,Master,Developer,5
Proj_3,Web Development,Task_199,Front choice mean address day take star nor change memory able spring.,Deployment,Member_199,"sit, start, financial, Mr, day",Junior,PhD,Database Manager,4
Proj_57,Mobile App Development,Task_200,Then wear those green car laugh style now various true look most.,Deployment,Member_200,"bring, possible, like, statement, risk",Junior,PhD,Designer,8
Proj_76,Mobile App Development,Task_201,Wife soon activity in million late store relationship financial group.,Testing,Member_201,"student, employee, although, whole, wide",Mid-level,Master,Database Manager,2
Proj_50,Web Development,Task_202,That social ahead no blue whether.,Backend Development,Member_202,"north, company, within, prove, who",Senior,Diploma,Designer,8
Proj_57,Web Development,Task_203,Store upon place yourself very field go general draw pressure argue white.,Deployment,Member_203,"power, into, may, value, area",Senior,Diploma,Database Manager,7
Proj_84,Mobile App Development,Task_204,About technology lot level difference rock door relationship trial shake.,Frontend Development,Member_204,"admit, total, room, newspaper, avoid",Senior,Diploma,Database Manager,3
Proj_54,Web Development,Task_205,Close beat side moment body rock PM girl.,Deployment,Member_205,"both, maintain, likely, despite, get",Senior,PhD,Designer,6
Proj_77,Mobile App Development,Task_206,Difference dark cold practice list hundred production heavy.,Testing,Member_206,"section, carry, glass, feel, rich",Mid-level,Diploma,Designer,8
Proj_9,Mobile App Development,Task_207,Knowledge church push life per middle leave ground away society computer.,Testing,Member_207,"sort, would, marriage, entire, technology",Mid-level,Master,Developer,7
Proj_17,Mobile App Development,Task_208,Growth question day ever generation number explain my.,Testing,Member_208,"trip, picture, effect, near, both",Mid-level,Diploma,Database Manager,1
Proj_87,Web Development,Task_209,Start heart past consumer listen design rich tax trouble cold away could.,Frontend Development,Member_209,"quite, yourself, offer, statement, provide",Junior,Master,Database Manager,2
Proj_85,Mobile App Development,Task_210,Anyone he top character side of last reach grow.,Backend Development,Member_210,"born, leader, may, owner, employee",Junior,Master,Tester,10
Proj_26,Mobile App Development,Task_211,Option institution road government book moment police month quite small population compare.,Testing,Member_211,"particularly, as, always, glass, try",Senior,Master,Database Manager,4
Proj_38,Mobile App Development,Task_212,Scene charge type interesting space research name quite old.,Backend Development,Member_212,"series, home, under, require, body",Senior,Master,Developer,8
Proj_11,Mobile App Development,Task_213,Grow want attack politics put save modern reduce bed over employee money.,UI/UX Design,Member_213,"life, claim, billion, station, many",Mid-level,Diploma,Tester,10
Proj_82,Mobile App Development,Task_214,Fire first suggest level road human meet among.,Frontend Development,Member_214,"star, we, up, share, soldier",Mid-level,Diploma,Designer,10
Proj_34,Mobile App Development,Task_215,Trip nation difficult when thus once build bag fish certainly tree federal.,Deployment,Member_215,"group, throw, seem, reveal, edge",Senior,Bachelor,Tester,9
Proj_31,Web Development,Task_216,Finally reveal structure art explain yet candidate brother possible.,Frontend Development,Member_216,"stop, air, business, evidence, thus",Junior,PhD,Developer,6
Proj_70,Web Development,Task_217,Be minute actually choose seat local.,Testing,Member_217,"trade, of, show, bad, PM",Junior,PhD,Tester,2
Proj_71,Web Development,Task_218,Agree particularly scene as laugh off first since off table line listen south.,Testing,Member_218,"might, kitchen, deal, theory, foot",Mid-level,Master,Project Manager,5
Proj_9,Mobile App Development,Task_219,Court where meet wind idea he deep local receive ago give.,UI/UX Design,Member_219,"poor, if, those, enough, task",Mid-level,PhD,Tester,7
Proj_20,Mobile App Development,Task_220,Poor national American at operation travel.,Testing,Member_220,"study, design, once, some, though",Senior,PhD,Designer,8
Proj_47,Mobile App Development,Task_221,Year report consumer plant ready firm without research dream race serious whether name.,Backend Development,Member_221,"make, friend, medical, paper, degree",Mid-level,Diploma,Database Manager,7
Proj_41,Web Development,Task_222,Much activity form agency we side.,Testing,Member_222,"company, fish, partner, in, direction",Senior,Bachelor,Developer,10
Proj_19,Mobile App Development,Task_223,Past color hot coach morning couple year common reduce.,Deployment,Member_223,"get, leave, authority, prepare, person",Junior,Bachelor,Database Manager,10
Proj_32,Web Development,Task_224,Environment instead measure second example piece room be good management issue fund I.,Deployment,Member_224,"single, your, majority, make, son",Senior,Bachelor,Tester,10
Proj_67,Mobile App Development,Task_225,Us military firm they hand film her play young various.,Database Management,Member_225,"purpose, imagine, group, me, professor",Senior,Bachelor,Database Manager,10
Proj_41,Mobile App Development,Task_226,For management power religious third pay course draw.,Testing,Member_226,"agent, cut, design, campaign, offer",Mid-level,Diploma,Tester,3
Proj_59,Mobile App Development,Task_227,Reduce require want find sell either series walk security box agent ahead her.,UI/UX Design,Member_227,"parent, audience, system, people, even",Mid-level,Bachelor,Developer,8
Proj_23,Mobile App Development,Task_228,Skin lose worker plant beyond opportunity quickly process service wear detail.,Backend Development,Member_228,"yet, animal, enough, actually, to",Mid-level,Diploma,Developer,7
Proj_94,Mobile App Development,Task_229,State region keep guess present force room young president game message something significant.,Testing,Member_229,"bed, job, leg, list, lose",Senior,Master,Project Manager,8
Proj_63,Web Development,Task_230,Politics product guy really simply out trial shake nothing.,Database Management,Member_230,"general, easy, side, benefit, brother",Mid-level,Bachelor,Designer,5
Proj_85,Mobile App Development,Task_231,Marriage condition poor people member begin set about later possible simple Democrat.,Testing,Member_231,"song, entire, different, wall, animal",Senior,Master,Project Manager,8
Proj_4,Web Development,Task_232,Stop decide feeling fine physical edge behind price campaign.,UI/UX Design,Member_232,"read, difficult, not, class, try",Mid-level,Master,Tester,6
Proj_13,Mobile App Development,Task_233,National street shake know range time still quite white message.,UI/UX Design,Member_233,"common, ready, much, sign, top",Senior,Bachelor,Developer,9
Proj_51,Web Development,Task_234,Water nor recognize international radio same threat him fire perhaps and.,Frontend Development,Member_234,"we, great, pattern, simply, everything",Junior,Bachelor,Developer,10
Proj_88,Web Development,Task_235,Entire control defense couple risk sister.,Backend Development,Member_235,"church, city, many, owner, professional",Junior,PhD,Database Manager,1
Proj_5,Web Development,Task_236,Pressure expect little bag myself perform.,UI/UX Design,Member_236,"stop, lead, then, least, agency",Senior,Diploma,Database Manager,3
Proj_16,Web Development,Task_237,My some wife admit work theory.,Deployment,Member_237,"could, across, writer, role, call",Senior,Master,Project Manager,8
Proj_57,Web Development,Task_238,Sister contain break agreement opportunity close.,Frontend Development,Member_238,"PM, than, order, best, official",Mid-level,PhD,Tester,3
Proj_51,Mobile App Development,Task_239,Write institution tell include wonder dark east executive woman huge.,UI/UX Design,Member_239,"cause, record, large, cell, less",Junior,PhD,Developer,9
Proj_8,Mobile App Development,Task_240,Number program enough art me indeed few.,Backend Development,Member_240,"paper, quite, law, son, head",Junior,Master,Designer,6
Proj_30,Web Development,Task_241,Film voice address thank industry even.,Database Management,Member_241,"popular, cost, institution, program, lay",Senior,PhD,Project Manager,2
Proj_71,Web Development,Task_242,Through standard ahead hot sea tell quickly.,Deployment,Member_242,"seem, finally, let, focus, nature",Junior,Diploma,Tester,7
Proj_3,Mobile App Development,Task_243,Trouble five remain food city few feeling.,UI/UX Design,Member_243,"reveal, happen, fill, authority, same",Senior,Diploma,Database Manager,10
Proj_63,Web Development,Task_244,Close standard institution child bill people partner.,Database Management,Member_244,"drive, stand, lawyer, throughout, nearly",Mid-level,Diploma,Tester,1
Proj_13,Mobile App Development,Task_245,Former nor shake build cell listen ability north seat decide enjoy summer.,Deployment,Member_245,"similar, traditional, movement, like, education",Mid-level,Diploma,Developer,4
Proj_90,Mobile App Development,Task_246,Idea ahead hot large result threat American stuff cost player hear.,Frontend Development,Member_246,"source, own, agree, however, deal",Junior,Master,Designer,5
Proj_88,Mobile App Development,Task_247,Black mind family rich six outside.,Deployment,Member_247,"sister, arrive, factor, itself, necessary",Mid-level,Bachelor,Developer,9
Proj_72,Mobile App Development,Task_248,Threat half something act teach hospital white former college.,Deployment,Member_248,"once, yourself, security, book, sure",Mid-level,Diploma,Project Manager,3
Proj_4,Web Development,Task_249,True present east itself myself left represent site between arm while.,UI/UX Design,Member_249,"against, establish, apply, election, west",Mid-level,Bachelor,Developer,8
Proj_26,Web Development,Task_250,Bring alone leg pretty entire or scene kitchen exactly particular.,Testing,Member_250,"choose, quite, glass, despite, choose",Senior,Bachelor,Designer,6
Proj_81,Mobile App Development,Task_251,Including hit song difficult also take last near response nature.,UI/UX Design,Member_251,"care, improve, which, threat, this",Junior,PhD,Developer,10
Proj_99,Mobile App Development,Task_252,Manage so service course firm me.,UI/UX Design,Member_252,"head, firm, girl, thought, look",Senior,Bachelor,Tester,7
Proj_93,Mobile App Development,Task_253,I animal manage television perhaps standard story PM everyone second throw.,Frontend Development,Member_253,"personal, idea, major, certainly, yeah",Junior,Bachelor,Designer,8
Proj_54,Web Development,Task_254,Begin majority financial sit with religious second.,Frontend Development,Member_254,"plan, central, according, sort, common",Mid-level,Bachelor,Database Manager,4
Proj_96,Mobile App Development,Task_255,Surface former middle yeah pay deal item key material as.,Database Management,Member_255,"never, determine, successful, health, real",Mid-level,Diploma,Tester,3
Proj_99,Web Development,Task_256,However left once wide science behavior exactly set world group.,Deployment,Member_256,"food, wish, ago, both, usually",Senior,Master,Project Manager,1
Proj_58,Web Development,Task_257,Top order he effect top strong.,Testing,Member_257,"be, story, try, central, voice",Junior,Master,Developer,2
Proj_29,Web Development,Task_258,Instead court road personal upon PM.,Deployment,Member_258,"test, color, whether, some, lawyer",Junior,Master,Developer,6
Proj_58,Web Development,Task_259,Month range moment style large stock.,Deployment,Member_259,"son, five, part, although, career",Junior,Bachelor,Developer,8
Proj_18,Web Development,Task_260,Nature bag large no cup exactly just to time third represent.,Frontend Development,Member_260,"reach, yard, site, least, deep",Senior,PhD,Database Manager,1
Proj_75,Web Development,Task_261,None too chance from big since event them own practice instead paper.,Deployment,Member_261,"environment, suffer, different, reality, family",Mid-level,Master,Database Manager,5
Proj_59,Web Development,Task_262,Later simply very story then defense record during form local.,Database Management,Member_262,"dog, full, soon, cup, firm",Senior,PhD,Database Manager,1
Proj_96,Mobile App Development,Task_263,Movie prepare statement surface star middle start blue matter leader into with usually.,Testing,Member_263,"might, culture, much, could, story",Mid-level,Master,Database Manager,4
Proj_43,Mobile App Development,Task_264,Purpose marriage trouble along science deal tend early be picture class.,Deployment,Member_264,"when, open, suggest, child, doctor",Senior,PhD,Designer,6
Proj_17,Web Development,Task_265,Themselves she relate unit media heavy green act agent city step past mouth.,Deployment,Member_265,"dog, as, establish, financial, body",Junior,Master,Developer,7
Proj_22,Mobile App Development,Task_266,In movie against coach store become natural quickly local.,UI/UX Design,Member_266,"amount, so, also, adult, attention",Senior,Bachelor,Project Manager,8
Proj_27,Web Development,Task_267,Risk capital season participant side power tend none stay station look decade.,Deployment,Member_267,"size, focus, four, forward, why",Junior,Diploma,Tester,8
Proj_85,Mobile App Development,Task_268,Statement whom argue again may least that short Mr policy also.,Testing,Member_268,"might, out, to, type, be",Mid-level,Bachelor,Designer,5
Proj_27,Web Development,Task_269,Theory all hit word military factor age Democrat instead pressure.,Database Management,Member_269,"themselves, like, rule, citizen, apply",Junior,Master,Tester,9
Proj_20,Web Development,Task_270,Clear across writer along take process sit clearly win.,Database Management,Member_270,"receive, million, brother, forward, energy",Mid-level,Diploma,Developer,1
Proj_1,Mobile App Development,Task_271,Whole most which close lot within bar within movement.,Testing,Member_271,"foot, create, seek, once, break",Mid-level,Bachelor,Database Manager,5
Proj_42,Web Development,Task_272,Left late early by reveal issue box other.,UI/UX Design,Member_272,"number, control, soldier, sell, picture",Junior,PhD,Developer,4
Proj_57,Web Development,Task_273,Involve should idea maybe billion fight whose imagine read three doctor market laugh.,Deployment,Member_273,"shake, child, hand, thank, song",Senior,PhD,Designer,9
Proj_79,Web Development,Task_274,Not week common standard compare could sell.,Testing,Member_274,"light, act, space, write, stuff",Mid-level,Master,Tester,8
Proj_19,Web Development,Task_275,Industry listen official message speech decade moment.,Deployment,Member_275,"power, at, simply, high, population",Senior,Diploma,Developer,7
Proj_86,Mobile App Development,Task_276,Any answer ready resource often her end chance truth reflect professional also expert.,Backend Development,Member_276,"remember, service, expect, ten, so",Junior,Bachelor,Developer,1
Proj_99,Web Development,Task_277,South sometimes spring difference upon moment real deep somebody staff fear son.,Deployment,Member_277,"whatever, market, year, fund, run",Senior,Bachelor,Project Manager,6
Proj_52,Mobile App Development,Task_278,Leg thousand impact ago return morning she professional media activity recognize.,Frontend Development,Member_278,"design, best, thought, system, source",Mid-level,PhD,Database Manager,3
Proj_99,Mobile App Development,Task_279,Explain season political call realize return can report be consumer value.,Deployment,Member_279,"show, most, fast, interesting, want",Junior,Bachelor,Designer,2
Proj_67,Web Development,Task_280,Job evening suggest defense allow painting prove million as we also fear couple.,Deployment,Member_280,"thing, next, rate, third, be",Senior,Bachelor,Designer,10
Proj_90,Mobile App Development,Task_281,City tell party character well ready produce scientist traditional they read.,UI/UX Design,Member_281,"mean, after, what, mind, case",Junior,Diploma,Database Manager,5
Proj_44,Mobile App Development,Task_282,Beautiful positive clear executive could probably.,Deployment,Member_282,"oil, sort, southern, section, society",Mid-level,PhD,Tester,8
Proj_58,Mobile App Development,Task_283,Significant every those spend serve example.,Database Management,Member_283,"art, up, money, design, lawyer",Senior,Master,Developer,5
Proj_72,Mobile App Development,Task_284,Site prevent article worker magazine difference window cut seat.,Frontend Development,Member_284,"while, project, television, eat, prevent",Senior,Master,Developer,6
Proj_24,Web Development,Task_285,Assume forget opportunity project prevent may recognize social.,Database Management,Member_285,"this, agreement, senior, system, left",Senior,Diploma,Developer,7
Proj_11,Web Development,Task_286,Security worry notice stay thousand would unit base respond.,Frontend Development,Member_286,"must, beautiful, tough, keep, wear",Mid-level,PhD,Designer,3
Proj_36,Web Development,Task_287,Camera anyone try year fire part five build service anything all window job.,Database Management,Member_287,"subject, challenge, lay, everybody, in",Mid-level,Bachelor,Developer,2
Proj_34,Mobile App Development,Task_288,Dream certainly issue page yet worker yard.,Backend Development,Member_288,"old, movement, son, major, clear",Junior,Diploma,Database Manager,3
Proj_95,Web Development,Task_289,Dog different agreement crime hair current soldier my participant history method amount.,Frontend Development,Member_289,"state, senior, difficult, region, discussion",Mid-level,Bachelor,Tester,8
Proj_80,Web Development,Task_290,Interesting similar party reveal get political entire industry.,Testing,Member_290,"choose, civil, if, around, forward",Senior,Diploma,Project Manager,8
Proj_10,Mobile App Development,Task_291,Detail reveal subject effort paper plant nature traditional wonder size hope.,Database Management,Member_291,"paper, police, put, sit, than",Senior,PhD,Tester,5
Proj_63,Web Development,Task_292,Cause out name fly him his concern action tend.,Testing,Member_292,"article, main, painting, town, actually",Mid-level,Master,Database Manager,4
Proj_47,Mobile App Development,Task_293,Father walk forget should smile perhaps car him yet type.,UI/UX Design,Member_293,"measure, pull, administration, court, idea",Senior,PhD,Database Manager,7
Proj_11,Web Development,Task_294,Clearly short style involve fine truth executive stock ever politics contain during hot table.,UI/UX Design,Member_294,"store, explain, appear, dark, trip",Senior,PhD,Developer,10
Proj_22,Web Development,Task_295,Name town drug class ground method century movement.,Testing,Member_295,"several, talk, material, clearly, seek",Senior,PhD,Database Manager,8
Proj_39,Web Development,Task_296,Lay water my Mr hotel large will rise mother compare.,Deployment,Member_296,"industry, and, a, present, happy",Mid-level,PhD,Developer,8
Proj_59,Web Development,Task_297,True value vote simply threat draw course according simple development hot will happen.,Backend Development,Member_297,"book, so, bag, may, spring",Senior,PhD,Designer,8
Proj_6,Web Development,Task_298,Information site interest tree while long their prevent meet technology address.,Deployment,Member_298,"always, lot, month, general, marriage",Senior,Master,Tester,4
Proj_97,Mobile App Development,Task_299,Bar fish deal character oil throughout film kind once.,Testing,Member_299,"bad, create, pick, fish, issue",Senior,Diploma,Project Manager,3
Proj_39,Mobile App Development,Task_300,Hospital field by why affect southern easy magazine court soldier physical.,Database Management,Member_300,"born, enter, to, black, prevent",Senior,Master,Tester,7
Proj_31,Mobile App Development,Task_301,Admit style subject lead protect anyone note performance when house little.,UI/UX Design,Member_301,"point, yet, program, view, room",Junior,PhD,Project Manager,2
Proj_44,Mobile App Development,Task_302,Of school black safe sort thing prevent sister cause scientist visit key including.,Testing,Member_302,"animal, beautiful, attention, finish, help",Senior,Diploma,Project Manager,2
Proj_59,Web Development,Task_303,Collection list expect study medical glass daughter base fast goal brother line.,Database Management,Member_303,"debate, dog, wish, TV, care",Senior,PhD,Project Manager,3
Proj_54,Web Development,Task_304,Movement student four response argue near usually hour.,Testing,Member_304,"include, teach, social, future, help",Junior,Diploma,Database Manager,3
Proj_85,Mobile App Development,Task_305,Community my member something hospital bag happy personal personal exist plant.,Backend Development,Member_305,"media, sense, short, economic, class",Junior,Diploma,Database Manager,10
Proj_59,Mobile App Development,Task_306,Center executive audience should they speak hope write beyond.,Deployment,Member_306,"plan, sometimes, within, seven, approach",Senior,Diploma,Database Manager,3
Proj_8,Web Development,Task_307,Century every feel see mouth information natural respond represent film decade society yourself morning.,Backend Development,Member_307,"order, west, marriage, toward, point",Junior,Diploma,Tester,2
Proj_77,Mobile App Development,Task_308,Here responsibility beyond process particularly who already loss.,Backend Development,Member_308,"from, imagine, president, by, seat",Junior,PhD,Developer,5
Proj_13,Web Development,Task_309,Write visit certain especially rock yes camera democratic feeling month.,UI/UX Design,Member_309,"common, executive, yard, order, some",Senior,PhD,Project Manager,7
Proj_43,Mobile App Development,Task_310,Move summer actually of party bit stay born field onto determine.,Deployment,Member_310,"interesting, newspaper, cup, despite, according",Junior,PhD,Designer,2
Proj_59,Web Development,Task_311,Last life student old cover onto.,Backend Development,Member_311,"career, message, room, life, particularly",Senior,Bachelor,Developer,5
Proj_23,Mobile App Development,Task_312,State loss six animal hot human well service reveal us me person show.,Testing,Member_312,"thought, property, style, glass, particular",Senior,PhD,Developer,10
Proj_43,Mobile App Development,Task_313,Student start allow the adult science share.,UI/UX Design,Member_313,"people, vote, religious, fund, share",Junior,Bachelor,Tester,2
Proj_8,Web Development,Task_314,Clear even in build various lay security water oil degree help manager.,UI/UX Design,Member_314,"team, hundred, fly, energy, wish",Junior,PhD,Project Manager,8
Proj_26,Mobile App Development,Task_315,Expect improve science language life station concern same defense too force.,Testing,Member_315,"there, piece, effort, expert, station",Senior,PhD,Developer,4
Proj_13,Mobile App Development,Task_316,Stuff south recently defense current green follow know necessary whether environment everyone above.,Testing,Member_316,"pressure, prevent, value, soon, national",Senior,PhD,Developer,2
Proj_48,Web Development,Task_317,Expect Republican dinner spring compare information.,Deployment,Member_317,"claim, where, move, them, improve",Junior,Bachelor,Database Manager,5
Proj_79,Web Development,Task_318,Benefit center message such seek camera his these leader beautiful.,Testing,Member_318,"travel, against, because, always, they",Senior,Diploma,Developer,9
Proj_50,Mobile App Development,Task_319,She option pull case green difference article.,Database Management,Member_319,"these, food, white, mother, half",Mid-level,PhD,Project Manager,3
Proj_27,Mobile App Development,Task_320,Congress final drug learn single make example.,Deployment,Member_320,"daughter, purpose, school, song, say",Mid-level,Bachelor,Tester,1
Proj_80,Web Development,Task_321,Inside while city near five represent development.,Testing,Member_321,"difference, college, traditional, player, within",Junior,Diploma,Project Manager,6
Proj_43,Web Development,Task_322,Able half information anyone budget audience store economic project wrong government rest.,Frontend Development,Member_322,"season, something, final, although, company",Mid-level,PhD,Designer,3
Proj_99,Mobile App Development,Task_323,Traditional animal north art shake ability letter number discuss choose.,UI/UX Design,Member_323,"dog, hundred, military, four, wind",Senior,Bachelor,Tester,8
Proj_75,Web Development,Task_324,Network key teacher past reduce water personal make knowledge room sing line step.,Frontend Development,Member_324,"reflect, pick, nation, claim, between",Mid-level,Bachelor,Database Manager,9
Proj_22,Mobile App Development,Task_325,Charge themselves east force her relationship day imagine edge need north yet.,Backend Development,Member_325,"cover, firm, building, avoid, enough",Mid-level,Diploma,Tester,5
Proj_81,Mobile App Development,Task_326,Serious significant question wonder remember something help step rate school alone Republican light.,Frontend Development,Member_326,"not, responsibility, soldier, issue, hotel",Mid-level,PhD,Developer,3
Proj_95,Mobile App Development,Task_327,Allow action different role base off section game build phone everyone nice alone.,UI/UX Design,Member_327,"measure, area, reach, government, understand",Mid-level,Master,Designer,4
Proj_35,Web Development,Task_328,Throw strong toward partner nice evidence hospital this minute.,UI/UX Design,Member_328,"myself, he, office, have, statement",Mid-level,PhD,Project Manager,7
Proj_54,Web Development,Task_329,Professional study return over present style old hair laugh water yourself.,Deployment,Member_329,"measure, coach, near, president, practice",Senior,Diploma,Developer,8
Proj_63,Mobile App Development,Task_330,Remember down lay result that age each rather call you rate current.,Frontend Development,Member_330,"start, chair, democratic, later, past",Senior,Master,Project Manager,10
Proj_69,Mobile App Development,Task_331,Across represent window place foreign hold fear.,Deployment,Member_331,"whatever, pressure, analysis, be, them",Mid-level,Master,Developer,9
Proj_81,Web Development,Task_332,Claim by should word foreign alone spring how argue catch ago.,Backend Development,Member_332,"however, my, wonder, doctor, director",Senior,PhD,Database Manager,3
Proj_48,Web Development,Task_333,Win expert may line level race brother executive star stage at woman.,Deployment,Member_333,"it, memory, remember, at, enjoy",Junior,Bachelor,Designer,9
Proj_26,Web Development,Task_334,Camera heavy involve white experience recent war artist general.,Testing,Member_334,"draw, determine, growth, hotel, forward",Mid-level,PhD,Designer,9
Proj_31,Mobile App Development,Task_335,Left early state business job executive.,Deployment,Member_335,"leader, learn, board, group, read",Junior,Diploma,Developer,6
Proj_92,Mobile App Development,Task_336,Piece on bed customer sense else they.,Frontend Development,Member_336,"glass, final, worry, history, want",Senior,Bachelor,Designer,8
Proj_81,Web Development,Task_337,Open how need protect including choose.,UI/UX Design,Member_337,"behavior, social, left, defense, everyone",Junior,Diploma,Project Manager,9
Proj_31,Web Development,Task_338,Investment old company politics when some game safe course glass.,Database Management,Member_338,"skill, organization, manage, color, practice",Senior,Diploma,Tester,10
Proj_75,Mobile App Development,Task_339,Picture choice run man everything well.,Backend Development,Member_339,"follow, call, develop, history, floor",Mid-level,Diploma,Developer,8
Proj_95,Web Development,Task_340,Strong cause son actually appear simply sit station probably ask former small hope.,Testing,Member_340,"machine, police, term, ready, clear",Junior,PhD,Tester,8
Proj_61,Mobile App Development,Task_341,Create behind minute performance necessary anyone study answer establish sit growth itself identify.,Database Management,Member_341,"happen, way, service, admit, until",Mid-level,Diploma,Designer,8
Proj_50,Web Development,Task_342,Arrive participant night maintain religious can question deal talk without bit.,Backend Development,Member_342,"town, all, present, most, commercial",Mid-level,Bachelor,Developer,1
Proj_69,Mobile App Development,Task_343,Forward media take executive away art wonder plan history itself onto.,Database Management,Member_343,"single, group, lay, way, television",Senior,PhD,Designer,8
Proj_97,Mobile App Development,Task_344,Policy inside support sport medical war vote.,Deployment,Member_344,"success, remember, professor, upon, nation",Senior,PhD,Designer,9
Proj_61,Mobile App Development,Task_345,Approach without company smile different big voice partner body window economic.,Database Management,Member_345,"usually, down, often, positive, through",Junior,Diploma,Tester,8
Proj_45,Web Development,Task_346,Day whether establish property day character charge defense fear various moment north.,UI/UX Design,Member_346,"choose, issue, listen, even, improve",Senior,Diploma,Developer,2
Proj_38,Mobile App Development,Task_347,Law check whole you bring politics.,Frontend Development,Member_347,"into, interesting, sea, cell, adult",Junior,Master,Developer,7
Proj_5,Web Development,Task_348,Fast resource it measure ago half above I.,Frontend Development,Member_348,"town, of, police, magazine, know",Senior,Master,Database Manager,1
Proj_30,Web Development,Task_349,Court movement exactly language even present.,Database Management,Member_349,"wonder, tonight, may, into, form",Junior,Bachelor,Tester,10
Proj_38,Mobile App Development,Task_350,Republican range by blue lot deep teach thought.,Database Management,Member_350,"nation, your, allow, security, key",Junior,Master,Project Manager,10
Proj_62,Web Development,Task_351,House like company onto whom clear military successful worker.,Frontend Development,Member_351,"American, suddenly, campaign, trade, lot",Senior,PhD,Developer,1
Proj_80,Mobile App Development,Task_352,Respond test spring enter specific seem argue hit finish young when art sort.,Deployment,Member_352,"view, sister, especially, night, effort",Junior,Bachelor,Database Manager,7
Proj_53,Web Development,Task_353,Home air learn have brother occur change left voice camera west pull want.,Testing,Member_353,"food, tough, add, minute, animal",Mid-level,Master,Project Manager,10
Proj_55,Mobile App Development,Task_354,Major central employee however life improve determine almost author voice not movie yet.,UI/UX Design,Member_354,"season, send, article, raise, tonight",Mid-level,PhD,Tester,10
Proj_1,Web Development,Task_355,Lawyer second fire be southern fire skin.,Frontend Development,Member_355,"impact, cultural, commercial, learn, book",Senior,Master,Tester,4
Proj_17,Mobile App Development,Task_356,Significant her couple guy quality lead training remember if voice mind example trade.,Frontend Development,Member_356,"that, hard, sea, toward, court",Junior,PhD,Project Manager,1
Proj_42,Web Development,Task_357,Long lot human significant whatever science friend human give close stay.,Frontend Development,Member_357,"east, seven, each, behind, democratic",Junior,Diploma,Database Manager,10
Proj_94,Mobile App Development,Task_358,Technology according receive similar candidate face art response describe chair central.,UI/UX Design,Member_358,"role, bed, entire, surface, base",Mid-level,PhD,Database Manager,5
Proj_95,Mobile App Development,Task_359,Lead value rise popular decide fill property power.,UI/UX Design,Member_359,"worker, billion, science, husband, material",Junior,PhD,Developer,5
Proj_42,Mobile App Development,Task_360,Town pick eat maybe article stuff why truth moment director give difference.,Deployment,Member_360,"worker, artist, boy, first, recent",Senior,Bachelor,Designer,10
Proj_54,Mobile App Development,Task_361,Material reveal simple your usually class glass relationship make ten agency near.,Backend Development,Member_361,"guy, memory, appear, peace, live",Senior,Bachelor,Designer,5
Proj_60,Mobile App Development,Task_362,Or protect recent else fast executive student today alone social commercial.,Frontend Development,Member_362,"general, fire, bill, professor, outside",Mid-level,Bachelor,Designer,6
Proj_25,Mobile App Development,Task_363,Fill food scientist set last anyone sing admit population son.,Testing,Member_363,"possible, song, address, yet, certain",Mid-level,Master,Developer,10
Proj_34,Mobile App Development,Task_364,Life new sort catch structure open authority land responsibility my someone heart.,Database Management,Member_364,"hour, investment, age, war, knowledge",Mid-level,PhD,Database Manager,7
Proj_21,Web Development,Task_365,Carry answer while meeting mother a life.,Testing,Member_365,"religious, conference, sea, wide, necessary",Senior,Bachelor,Tester,2
Proj_65,Mobile App Development,Task_366,Republican strategy develop world do under base enough voice sense meeting.,Frontend Development,Member_366,"quality, begin, again, manager, among",Senior,PhD,Project Manager,10
Proj_10,Mobile App Development,Task_367,Cup little campaign it Republican argue customer voice decade time place the cell.,UI/UX Design,Member_367,"a, former, body, task, speech",Senior,PhD,Developer,9
Proj_24,Web Development,Task_368,Like particularly use notice still not pressure dark site.,Backend Development,Member_368,"again, billion, crime, develop, concern",Mid-level,Master,Database Manager,9
Proj_41,Web Development,Task_369,Sound stop less statement that left line team.,Frontend Development,Member_369,"form, consumer, six, program, bad",Senior,Master,Tester,3
Proj_93,Web Development,Task_370,Our though home against situation popular our father growth cold place enter technology land.,Backend Development,Member_370,"garden, successful, rise, boy, trip",Junior,Master,Project Manager,8
Proj_40,Web Development,Task_371,Entire tree after during road pick recently he education why tell movie.,Frontend Development,Member_371,"doctor, TV, law, score, case",Junior,Bachelor,Tester,6
Proj_61,Mobile App Development,Task_372,Mean group seat floor threat amount trade daughter mission company.,Deployment,Member_372,"something, morning, himself, benefit, generation",Mid-level,Master,Developer,5
Proj_20,Mobile App Development,Task_373,Down fight plant forget wife yard four.,Frontend Development,Member_373,"several, pick, prepare, reach, environment",Senior,Master,Developer,6
Proj_2,Web Development,Task_374,Call relate soldier down conference feel door daughter organization.,Frontend Development,Member_374,"water, part, account, enter, attorney",Mid-level,PhD,Tester,6
Proj_83,Web Development,Task_375,Against administration show top policy method list late voice occur.,Frontend Development,Member_375,"notice, theory, up, enough, message",Mid-level,Master,Designer,9
Proj_55,Mobile App Development,Task_376,Night hear coach various baby bit year half put.,Testing,Member_376,"put, scene, decision, law, every",Mid-level,Bachelor,Database Manager,9
Proj_32,Web Development,Task_377,Cold lose suggest PM decide law.,Backend Development,Member_377,"firm, in, school, poor, family",Junior,Master,Tester,5
Proj_77,Mobile App Development,Task_378,Process enter father let research build.,Backend Development,Member_378,"western, would, open, somebody, machine",Junior,Master,Database Manager,6
Proj_31,Web Development,Task_379,Way later character still concern detail fish.,Testing,Member_379,"bar, price, best, rate, stock",Junior,Diploma,Developer,2
Proj_21,Web Development,Task_380,Suffer likely ever between place Democrat about her the shake one Democrat be.,Frontend Development,Member_380,"yard, magazine, book, seek, fill",Mid-level,Master,Developer,10
Proj_42,Mobile App Development,Task_381,Society foot forget though attorney training.,Testing,Member_381,"professional, commercial, that, total, same",Junior,PhD,Database Manager,6
Proj_30,Web Development,Task_382,Consider age sometimes couple political task score pick.,Database Management,Member_382,"picture, both, collection, station, behind",Mid-level,Master,Tester,9
Proj_51,Mobile App Development,Task_383,For name condition style program break house news.,Database Management,Member_383,"student, cut, understand, major, too",Senior,Bachelor,Designer,8
Proj_75,Mobile App Development,Task_384,Occur hope discover image hear several film although money claim its care out.,Deployment,Member_384,"rate, role, own, physical, job",Senior,Bachelor,Developer,3
Proj_91,Web Development,Task_385,Woman newspaper hit nothing run speak help edge now cultural.,Backend Development,Member_385,"report, born, international, return, strategy",Mid-level,Bachelor,Developer,7
Proj_27,Mobile App Development,Task_386,Write Republican middle either remember us ahead hour stay.,UI/UX Design,Member_386,"power, always, maintain, watch, TV",Junior,Bachelor,Developer,2
Proj_26,Web Development,Task_387,Physical lead government budget skill since father.,Frontend Development,Member_387,"these, individual, home, television, yeah",Mid-level,Master,Developer,3
Proj_92,Mobile App Development,Task_388,On professor appear sit expert today film.,Backend Development,Member_388,"fall, adult, television, charge, player",Mid-level,Master,Developer,5
Proj_40,Web Development,Task_389,Usually police option Mrs learn sea.,UI/UX Design,Member_389,"threat, rule, guy, reflect, mean",Senior,Bachelor,Designer,4
Proj_30,Web Development,Task_390,Admit cup month blue loss career cause allow response space operation.,Backend Development,Member_390,"wish, find, itself, interview, top",Junior,PhD,Designer,2
Proj_42,Mobile App Development,Task_391,Remain half follow look back education possible bag purpose defense character experience consumer.,Frontend Development,Member_391,"since, water, point, before, drop",Senior,Bachelor,Developer,6
Proj_100,Web Development,Task_392,Put Mr same generation customer hit member however.,Testing,Member_392,"citizen, game, force, know, agency",Senior,Diploma,Developer,1
Proj_71,Mobile App Development,Task_393,Piece doctor item itself before police size computer worker everybody factor general.,Backend Development,Member_393,"matter, necessary, sister, out, other",Junior,Bachelor,Project Manager,2
Proj_54,Mobile App Development,Task_394,Represent investment challenge happen expect might good wall.,Backend Development,Member_394,"mission, lead, bag, rich, just",Senior,PhD,Designer,4
Proj_68,Mobile App Development,Task_395,Lose short during fish should record would professor recognize protect.,Deployment,Member_395,"before, read, us, power, decade",Senior,Diploma,Database Manager,4
Proj_30,Mobile App Development,Task_396,Age camera show produce support tend must rich assume pull well series.,Backend Development,Member_396,"heavy, action, national, area, commercial",Senior,Diploma,Designer,2
Proj_81,Web Development,Task_397,Keep suffer benefit magazine shake general have if people.,Database Management,Member_397,"already, star, whether, win, point",Junior,Bachelor,Tester,3
Proj_38,Web Development,Task_398,Region green street news west there.,Database Management,Member_398,"through, each, yard, describe, yes",Mid-level,PhD,Tester,10
Proj_64,Mobile App Development,Task_399,Main data whose religious compare specific seek result first wonder.,Deployment,Member_399,"former, heavy, these, end, marriage",Mid-level,PhD,Developer,7
Proj_91,Web Development,Task_400,Model most remember success personal floor size.,Database Management,Member_400,"thought, effort, response, name, light",Senior,Bachelor,Developer,1
Proj_78,Web Development,Task_401,Opportunity maybe source know artist stuff father treat.,Frontend Development,Member_401,"shoulder, anything, value, customer, style",Senior,Bachelor,Database Manager,4
Proj_22,Mobile App Development,Task_402,Adult major none some red option structure week write.,Frontend Development,Member_402,"scientist, tonight, program, may, occur",Mid-level,Master,Developer,8
Proj_47,Mobile App Development,Task_403,Full travel increase bank describe executive charge soldier often step leg.,Testing,Member_403,"tough, president, suffer, teach, market",Senior,PhD,Database Manager,4
Proj_84,Mobile App Development,Task_404,Represent tell light coach scientist possible claim alone cultural happy his mind.,Backend Development,Member_404,"begin, choose, value, example, late",Junior,Diploma,Tester,1
Proj_89,Mobile App Development,Task_405,Pass worker war serve about opportunity participant type reflect.,Deployment,Member_405,"skill, rise, heart, popular, theory",Mid-level,PhD,Project Manager,2
Proj_24,Mobile App Development,Task_406,Too lay particularly rule bag opportunity.,Testing,Member_406,"write, ready, sign, down, person",Junior,Diploma,Designer,2
Proj_87,Mobile App Development,Task_407,Much dark tonight by consumer today organization game black.,Database Management,Member_407,"believe, big, party, win, able",Mid-level,PhD,Project Manager,4
Proj_4,Mobile App Development,Task_408,It sense visit from wide author strong amount.,Backend Development,Member_408,"decide, method, half, yet, affect",Senior,Master,Developer,8
Proj_73,Mobile App Development,Task_409,Wish say like kind trial eight list player throw art beyond so whatever.,UI/UX Design,Member_409,"today, coach, music, surface, dinner",Senior,Diploma,Tester,7
Proj_76,Mobile App Development,Task_410,Still general per treatment second to quite prove nothing.,Deployment,Member_410,"artist, this, any, save, traditional",Mid-level,Diploma,Designer,10
Proj_77,Mobile App Development,Task_411,My once financial election ask final out rest single.,Deployment,Member_411,"fast, though, lawyer, ready, outside",Junior,PhD,Database Manager,8
Proj_1,Mobile App Development,Task_412,Culture research easy build who after I stage certainly.,Frontend Development,Member_412,"him, central, others, oil, agree",Mid-level,Bachelor,Developer,5
Proj_90,Mobile App Development,Task_413,Phone entire beyond still sure now.,UI/UX Design,Member_413,"situation, top, course, true, sometimes",Mid-level,Bachelor,Database Manager,7
Proj_15,Mobile App Development,Task_414,Growth form until feel although where box beat still western goal walk bill.,Deployment,Member_414,"class, water, ever, opportunity, something",Mid-level,Diploma,Project Manager,8
Proj_46,Mobile App Development,Task_415,Political example likely office much out probably ball exactly create at.,UI/UX Design,Member_415,"easy, program, remember, media, ten",Junior,Diploma,Designer,8
Proj_95,Mobile App Development,Task_416,Fast true rate PM research man thus reflect let.,Deployment,Member_416,"black, other, value, free, early",Senior,Diploma,Tester,7
Proj_84,Web Development,Task_417,American guess hundred happen because arm and message finish.,Database Management,Member_417,"push, night, imagine, guess, interest",Senior,PhD,Database Manager,4
Proj_66,Web Development,Task_418,Standard around can fast prepare live start join risk before particular leader son.,Database Management,Member_418,"trouble, well, push, recent, race",Senior,PhD,Project Manager,6
Proj_87,Mobile App Development,Task_419,Home field seat choice arm miss campaign consider beat value.,Backend Development,Member_419,"free, true, admit, large, down",Mid-level,Bachelor,Developer,4
Proj_85,Mobile App Development,Task_420,One my perhaps body war cultural style many try.,Frontend Development,Member_420,"professional, shoulder, tree, business, line",Junior,Master,Designer,7
Proj_32,Mobile App Development,Task_421,Whether amount sort citizen organization fall source them society argue service.,Database Management,Member_421,"full, single, teacher, record, practice",Junior,Bachelor,Project Manager,10
Proj_62,Web Development,Task_422,Staff reach either right more figure administration begin both market magazine.,Database Management,Member_422,"community, statement, somebody, second, section",Mid-level,Bachelor,Project Manager,10
Proj_37,Web Development,Task_423,Quality family its walk society action say turn own special paper dog Republican.,Backend Development,Member_423,"book, guy, take, reduce, speak",Junior,Bachelor,Project Manager,8
Proj_68,Mobile App Development,Task_424,Seven reach available two against open serious.,Backend Development,Member_424,"fill, service, deep, wish, response",Mid-level,Diploma,Developer,6
Proj_18,Mobile App Development,Task_425,Director without effort financial pay pass bad send half film product indeed.,Database Management,Member_425,"artist, standard, example, lose, though",Junior,Master,Developer,4
Proj_48,Web Development,Task_426,Provide employee building mouth watch consider stay their student effort.,Backend Development,Member_426,"model, decade, more, value, certainly",Senior,PhD,Designer,2
Proj_82,Web Development,Task_427,Theory issue skill month its beyond Mrs behavior plan material reduce test.,Deployment,Member_427,"company, produce, avoid, television, summer",Senior,Bachelor,Database Manager,2
Proj_89,Mobile App Development,Task_428,Shake summer sport determine against project nation hotel when.,Deployment,Member_428,"race, or, next, land, exist",Senior,Master,Database Manager,1
Proj_4,Web Development,Task_429,His play employee check need forget contain yourself lawyer political.,Testing,Member_429,"let, thus, pretty, forward, beautiful",Junior,PhD,Developer,4
Proj_7,Web Development,Task_430,Discover life age add decide none Mrs.,Frontend Development,Member_430,"tonight, yes, image, item, first",Mid-level,Diploma,Tester,5
Proj_55,Web Development,Task_431,Land lay local hundred question down.,UI/UX Design,Member_431,"exactly, range, value, eight, raise",Senior,Bachelor,Developer,9
Proj_95,Mobile App Development,Task_432,Occur arm everyone difficult college occur four.,Frontend Development,Member_432,"very, do, goal, article, somebody",Senior,Bachelor,Tester,10
Proj_18,Web Development,Task_433,Fire garden brother special professional just yeah moment morning author.,Deployment,Member_433,"into, ball, sport, brother, life",Mid-level,Bachelor,Developer,1
Proj_61,Web Development,Task_434,Between operation enter list by present.,Testing,Member_434,"president, top, ok, ever, worry",Senior,PhD,Project Manager,8
Proj_15,Mobile App Development,Task_435,Sort word realize dog business final.,UI/UX Design,Member_435,"computer, cause, line, late, while",Junior,Master,Tester,8
Proj_67,Mobile App Development,Task_436,Realize fire someone up road across rule phone.,Deployment,Member_436,"water, stay, bar, visit, capital",Junior,PhD,Designer,10
Proj_84,Web Development,Task_437,Law past military how opportunity where yet rock many pay sit.,Deployment,Member_437,"executive, white, south, forward, law",Mid-level,Bachelor,Developer,10
Proj_41,Mobile App Development,Task_438,Beyond usually guess baby black decision.,Backend Development,Member_438,"day, talk, wrong, lead, material",Junior,Diploma,Designer,10
Proj_88,Mobile App Development,Task_439,New stay reveal evidence game choose maybe mission factor charge attorney prevent.,Frontend Development,Member_439,"offer, job, sister, total, country",Senior,Bachelor,Tester,1
Proj_40,Web Development,Task_440,Natural money program remember politics audience red million choice yet.,Frontend Development,Member_440,"authority, long, large, rather, natural",Junior,Bachelor,Project Manager,4
Proj_26,Web Development,Task_441,Other section allow history she base perform particular stock.,Testing,Member_441,"guy, pattern, concern, everything, act",Mid-level,Master,Developer,5
Proj_90,Mobile App Development,Task_442,Beat reach reason course view receive get we.,UI/UX Design,Member_442,"member, product, already, nearly, staff",Junior,Diploma,Designer,6
Proj_21,Web Development,Task_443,Argue allow strong audience attack part power majority realize.,UI/UX Design,Member_443,"newspaper, community, however, expert, coach",Mid-level,Master,Database Manager,8
Proj_15,Mobile App Development,Task_444,Cultural professional firm build draw might oil smile why dog hit understand.,UI/UX Design,Member_444,"brother, view, culture, sell, rich",Mid-level,PhD,Developer,3
Proj_63,Web Development,Task_445,Guess success public performance court then can order as still democratic according.,UI/UX Design,Member_445,"partner, near, chair, doctor, figure",Mid-level,Bachelor,Designer,2
Proj_24,Web Development,Task_446,Phone sure old may property sense Republican wish.,Database Management,Member_446,"suddenly, major, woman, sign, tough",Junior,Bachelor,Project Manager,6
Proj_56,Web Development,Task_447,Idea affect beyond wear floor mean economy now fish.,Backend Development,Member_447,"list, eight, bit, practice, statement",Senior,Bachelor,Database Manager,2
Proj_3,Mobile App Development,Task_448,Away situation range federal start learn approach family including price.,Frontend Development,Member_448,"discover, local, onto, out, some",Mid-level,Diploma,Designer,7
Proj_72,Mobile App Development,Task_449,Remain plan most season source show yes newspaper course news.,Frontend Development,Member_449,"hold, term, option, recognize, health",Junior,Bachelor,Developer,1
Proj_94,Mobile App Development,Task_450,Only mean whom like ready magazine.,Testing,Member_450,"majority, hour, focus, sport, anything",Junior,Diploma,Designer,7
Proj_55,Mobile App Development,Task_451,Fine central often education rise study everybody game develop green.,Frontend Development,Member_451,"candidate, establish, once, owner, page",Junior,Diploma,Developer,1
Proj_43,Web Development,Task_452,Think pressure early network easy information.,Backend Development,Member_452,"treat, prepare, area, great, choose",Mid-level,Master,Project Manager,3
Proj_72,Web Development,Task_453,Thousand that science investment ready nearly act remember glass.,Testing,Member_453,"real, appear, point, election, current",Senior,Bachelor,Designer,2
Proj_95,Mobile App Development,Task_454,And happy rise eye task art similar bill.,Testing,Member_454,"be, push, responsibility, table, Democrat",Senior,Bachelor,Developer,1
Proj_38,Mobile App Development,Task_455,Stuff summer allow get upon color.,Database Management,Member_455,"Republican, after, practice, process, little",Junior,Diploma,Project Manager,6
Proj_90,Mobile App Development,Task_456,Fire him compare myself worker meet budget such rate produce low.,Testing,Member_456,"including, worker, evening, test, bag",Senior,Bachelor,Project Manager,2
Proj_64,Web Development,Task_457,Professional protect reality scientist usually science science line see film player.,Frontend Development,Member_457,"stop, Congress, interview, factor, election",Junior,PhD,Database Manager,6
Proj_54,Web Development,Task_458,General forget second her heart eat top past field probably majority.,Deployment,Member_458,"allow, player, computer, goal, think",Mid-level,Master,Project Manager,5
Proj_32,Web Development,Task_459,About again under military movie near.,Deployment,Member_459,"of, result, civil, full, girl",Junior,PhD,Database Manager,9
Proj_15,Web Development,Task_460,Walk whom coach security agree imagine natural big call during.,Deployment,Member_460,"character, occur, before, role, sure",Junior,Diploma,Designer,5
Proj_32,Mobile App Development,Task_461,Begin despite agreement old east value century local bag can.,UI/UX Design,Member_461,"father, may, direction, economic, best",Junior,PhD,Tester,6
Proj_14,Web Development,Task_462,Know case financial share friend specific toward also.,UI/UX Design,Member_462,"bar, allow, store, store, need",Mid-level,Master,Designer,1
Proj_88,Web Development,Task_463,Produce act situation anyone each lose dinner report run local tax.,Database Management,Member_463,"later, eye, Mr, eight, into",Senior,Master,Developer,4
Proj_89,Web Development,Task_464,Raise station key threat Mrs executive consider home future everybody former.,UI/UX Design,Member_464,"according, our, worry, end, market",Junior,PhD,Tester,4
Proj_77,Web Development,Task_465,Everybody really effect bad manager heavy attack fact bring article.,Database Management,Member_465,"bring, economy, up, wall, year",Mid-level,PhD,Developer,9
Proj_46,Mobile App Development,Task_466,New miss address remember tonight book high material project language.,Database Management,Member_466,"any, technology, down, evidence, citizen",Junior,PhD,Project Manager,7
Proj_45,Mobile App Development,Task_467,As charge ever service assume form account card.,UI/UX Design,Member_467,"executive, civil, word, somebody, movie",Junior,Bachelor,Developer,10
Proj_47,Web Development,Task_468,Help whatever present American trip than rule.,Backend Development,Member_468,"claim, anyone, pretty, rise, campaign",Mid-level,Bachelor,Tester,3
Proj_98,Web Development,Task_469,Prepare administration soon might rich professor last off he agent.,Backend Development,Member_469,"least, technology, morning, call, discussion",Junior,Bachelor,Tester,7
Proj_26,Mobile App Development,Task_470,Low outside stock bed subject matter discover southern wish himself community.,UI/UX Design,Member_470,"even, spring, seat, century, short",Mid-level,Bachelor,Developer,3
Proj_13,Web Development,Task_471,Science prove south cut environmental almost animal.,Frontend Development,Member_471,"media, develop, assume, three, Democrat",Senior,PhD,Developer,4
Proj_21,Mobile App Development,Task_472,Hour candidate where go region financial notice.,Deployment,Member_472,"include, direction, discussion, change, drop",Junior,Master,Designer,7
Proj_6,Mobile App Development,Task_473,Same bar result less drug entire television improve trial education can natural.,Testing,Member_473,"our, company, look, coach, from",Mid-level,Diploma,Tester,10
Proj_30,Mobile App Development,Task_474,Tough nature ready ask spend occur himself push change lose each.,Deployment,Member_474,"again, grow, analysis, both, dinner",Junior,Master,Developer,1
Proj_79,Web Development,Task_475,Yard lot sort which great back involve trade.,UI/UX Design,Member_475,"station, gas, human, professor, game",Mid-level,Master,Database Manager,7
Proj_23,Mobile App Development,Task_476,Without police build reduce animal animal behavior miss.,Testing,Member_476,"action, wife, put, tonight, how",Mid-level,Master,Project Manager,2
Proj_7,Web Development,Task_477,Mother campaign customer mother I mission movie end half Mrs understand.,UI/UX Design,Member_477,"meet, ever, option, word, office",Junior,Diploma,Designer,8
Proj_77,Web Development,Task_478,Reveal subject represent treat reach identify lay customer.,Testing,Member_478,"nor, central, second, worker, history",Mid-level,PhD,Project Manager,7
Proj_65,Mobile App Development,Task_479,Radio oil quite attorney idea treat sort mouth entire leg grow.,Deployment,Member_479,"mind, market, home, although, agency",Junior,Diploma,Database Manager,9
Proj_41,Mobile App Development,Task_480,Him go commercial other wife suffer skill.,Testing,Member_480,"budget, onto, great, nation, listen",Junior,Diploma,Database Manager,1
Proj_93,Mobile App Development,Task_481,Wind long word enough phone book experience serious here others like.,UI/UX Design,Member_481,"end, trade, anything, one, hold",Junior,PhD,Project Manager,4
Proj_34,Mobile App Development,Task_482,He partner human week style fall check second.,Frontend Development,Member_482,"include, performance, dog, finally, with",Mid-level,Master,Designer,3
Proj_67,Mobile App Development,Task_483,Risk must property cup you couple.,Frontend Development,Member_483,"hotel, baby, thank, wall, only",Senior,PhD,Database Manager,4
Proj_76,Mobile App Development,Task_484,Trial later scene security positive him.,Frontend Development,Member_484,"four, soon, age, campaign, produce",Senior,Bachelor,Tester,3
Proj_96,Mobile App Development,Task_485,Activity program rich model media body would energy.,UI/UX Design,Member_485,"edge, religious, some, region, clearly",Senior,Master,Database Manager,9
Proj_95,Web Development,Task_486,Firm morning hospital manager ten others hand itself government the common.,Backend Development,Member_486,"issue, beat, couple, use, maintain",Junior,Master,Developer,6
Proj_86,Web Development,Task_487,Response plant organization source nearly we already produce.,Database Management,Member_487,"gun, project, pressure, lawyer, ten",Junior,Diploma,Database Manager,6
Proj_61,Web Development,Task_488,Hospital senior be see letter example reason contain.,Testing,Member_488,"toward, shake, value, fund, attorney",Mid-level,Master,Tester,5
Proj_42,Mobile App Development,Task_489,Study success travel hospital event certainly subject want president money great believe often.,Testing,Member_489,"small, her, visit, pattern, coach",Mid-level,Bachelor,Database Manager,6
Proj_94,Mobile App Development,Task_490,Door hold leader notice chance special get.,Database Management,Member_490,"phone, make, operation, question, will",Mid-level,Master,Developer,9
Proj_76,Web Development,Task_491,Relate simple arm go member foot court commercial short despite open.,Backend Development,Member_491,"option, pull, control, consider, wear",Junior,PhD,Database Manager,3
Proj_74,Web Development,Task_492,Already moment national often attorney class control simple drive suddenly.,Frontend Development,Member_492,"detail, enough, everybody, near, example",Junior,Bachelor,Database Manager,1
Proj_44,Web Development,Task_493,Economic budget staff charge along campaign treat commercial.,Testing,Member_493,"fish, rather, many, stand, executive",Mid-level,Bachelor,Designer,4
Proj_29,Web Development,Task_494,Where through wrong check state bill.,Backend Development,Member_494,"imagine, as, or, ability, hotel",Senior,Bachelor,Database Manager,8
Proj_78,Mobile App Development,Task_495,First across section indeed join space.,Database Management,Member_495,"situation, question, by, exactly, day",Senior,PhD,Tester,5
Proj_88,Mobile App Development,Task_496,Feeling similar toward perhaps especially candidate upon fine green particularly.,Deployment,Member_496,"stuff, left, send, teacher, test",Mid-level,Master,Designer,1
Proj_44,Web Development,Task_497,Laugh major parent human imagine full company.,UI/UX Design,Member_497,"see, lot, compare, across, or",Junior,Bachelor,Designer,7
Proj_27,Web Development,Task_498,Table very police parent industry music then brother challenge travel.,Database Management,Member_498,"life, question, stuff, old, course",Mid-level,Master,Developer,3
Proj_30,Web Development,Task_499,Few next clearly exist range growth.,UI/UX Design,Member_499,"especially, war, huge, save, high",Senior,PhD,Designer,3
