Task_Difficulty,Task_Type,Task_Duration,Member_Skill_Level,Member_Experience,Member_Workload,PerformanceScore
Easy,Development,37,1,19,15,5
Medium,Development,24,5,1,92,4
Easy,Development,54,2,14,15,8
Hard,Testing,88,3,11,46,10
Hard,Documentation,58,3,18,79,5
Medium,Development,36,1,18,50,9
Hard,Testing,38,2,10,13,6
Medium,Development,19,5,13,49,2
Medium,Development,63,4,14,1,6
Easy,Testing,98,4,3,94,6
Medium,Documentation,66,1,7,77,7
Easy,Documentation,46,4,10,89,10
Medium,Development,33,1,16,29,10
Medium,Documentation,55,3,9,37,4
Medium,Documentation,80,4,2,58,3
Medium,Development,67,3,18,20,4
Medium,Testing,88,4,19,96,1
Hard,Testing,7,5,16,65,8
Medium,Testing,60,1,6,57,4
Medium,Documentation,65,4,4,12,9
Easy,Testing,26,2,20,35,3
Easy,Documentation,59,2,20,95,5
Easy,Documentation,71,1,15,96,4
Hard,Development,35,1,19,53,4
Hard,Documentation,84,3,17,21,6
Hard,Testing,86,2,14,0,8
Medium,Development,42,2,15,33,8
Hard,Testing,54,5,13,84,8
Hard,Testing,33,1,10,9,7
Hard,Documentation,21,1,18,12,7
Easy,Documentation,96,4,14,48,9
Medium,Development,36,4,1,51,6
Hard,Documentation,60,2,3,41,3
Hard,Testing,92,3,18,8,7
Easy,Documentation,26,2,2,55,5
Easy,Development,52,4,10,22,7
Medium,Development,31,4,8,33,4
Medium,Development,48,1,17,24,10
Medium,Testing,89,4,2,59,8
Hard,Testing,84,1,7,67,3
Medium,Testing,18,2,12,82,10
Medium,Development,97,2,14,71,10
Medium,Documentation,39,5,16,87,2
Easy,Testing,75,2,15,86,9
Easy,Documentation,54,3,1,59,8
Easy,Testing,78,1,6,62,1
Medium,Testing,97,1,6,76,5
Easy,Testing,31,4,19,48,4
Hard,Testing,52,3,20,1,2
Easy,Testing,60,3,10,95,2
Easy,Development,98,4,13,19,10
Medium,Documentation,17,4,8,84,2
Easy,Development,11,3,18,30,1
Easy,Development,65,3,8,75,10
Hard,Development,59,1,3,96,4
Medium,Documentation,43,5,6,49,10
Medium,Testing,19,2,17,83,10
Easy,Documentation,64,4,1,37,4
Hard,Testing,1,4,10,34,2
Medium,Development,24,3,14,82,9
Easy,Testing,21,5,3,25,3
Easy,Documentation,18,4,4,37,9
Medium,Testing,98,1,19,80,7
Hard,Development,49,2,16,38,4
Easy,Testing,48,3,18,77,8
Hard,Documentation,66,5,10,56,8
Easy,Testing,52,4,10,11,4
Medium,Documentation,2,5,14,21,8
Medium,Testing,54,4,4,81,5
Hard,Development,95,1,15,93,2
Easy,Testing,4,4,10,32,8
Easy,Development,92,2,3,80,9
Medium,Documentation,21,2,8,49,8
Hard,Documentation,18,1,10,26,8
Medium,Testing,54,1,1,82,9
Easy,Testing,78,2,10,28,1
Medium,Development,19,3,1,28,3
Medium,Documentation,67,4,1,40,2
Easy,Documentation,3,1,2,53,8
Easy,Testing,50,2,9,23,9
Hard,Development,54,1,12,47,5
Hard,Development,41,1,2,68,5
Easy,Documentation,10,4,19,18,6
Hard,Development,56,3,18,39,6
Medium,Development,72,1,8,26,8
Hard,Testing,76,2,12,32,2
Medium,Testing,64,3,7,64,6
Hard,Testing,38,4,9,8,4
Hard,Documentation,75,3,17,5,5
Hard,Documentation,88,1,7,6,4
Medium,Testing,100,1,8,32,9
Medium,Development,43,2,18,46,4
Hard,Testing,80,1,12,98,4
Medium,Testing,84,5,17,1,5
Easy,Testing,46,4,14,91,9
Hard,Development,17,2,2,38,1
Easy,Development,73,5,8,28,9
Medium,Development,80,5,5,89,5
Easy,Documentation,54,1,1,99,9
Hard,Development,37,2,6,16,8
Hard,Documentation,82,5,3,44,3
Hard,Testing,23,4,2,49,8
Medium,Development,23,3,14,68,7
Medium,Testing,76,2,20,58,4
Hard,Testing,3,5,16,29,10
Medium,Documentation,62,1,16,73,10
Easy,Testing,87,5,1,89,10
Medium,Testing,89,1,5,68,10
Medium,Development,68,2,14,60,4
Hard,Development,96,3,14,34,2
Medium,Documentation,9,4,17,19,4
Hard,Documentation,31,4,17,16,7
Hard,Documentation,46,5,14,33,5
Medium,Development,37,2,10,37,8
Easy,Development,59,5,12,80,9
Easy,Documentation,20,4,13,13,9
Hard,Development,22,5,13,58,9
Medium,Testing,6,1,6,58,1
Easy,Development,43,1,20,62,5
Medium,Testing,1,4,8,20,10
Medium,Documentation,67,4,20,11,2
Medium,Development,20,3,8,7,7
Hard,Documentation,98,2,2,59,1
Medium,Documentation,48,1,20,64,10
Medium,Development,41,2,8,38,2
Medium,Development,46,1,4,71,5
Easy,Testing,90,5,8,90,2
Medium,Development,52,2,6,86,6
Medium,Testing,94,3,6,87,5
Medium,Documentation,24,5,1,44,1
Medium,Testing,75,1,7,21,8
Easy,Testing,89,5,5,78,10
Medium,Documentation,25,5,1,90,8
Easy,Testing,23,3,2,33,3
Hard,Documentation,46,4,15,72,10
Hard,Documentation,25,5,14,47,7
Hard,Development,42,5,5,71,10
Easy,Documentation,6,4,15,62,10
Hard,Testing,47,1,19,81,7
Hard,Development,31,3,1,74,1
Hard,Testing,77,5,16,99,6
Hard,Documentation,89,5,13,96,7
Medium,Development,32,1,18,42,5
Medium,Development,96,2,15,72,3
Easy,Documentation,18,2,18,76,7
Hard,Documentation,76,2,16,42,9
Easy,Documentation,97,3,8,4,10
Easy,Documentation,57,2,12,32,1
Easy,Testing,83,1,2,22,4
Hard,Documentation,78,4,3,100,6
Easy,Documentation,57,1,17,15,5
Hard,Documentation,1,4,20,97,9
Medium,Testing,74,3,18,58,9
Hard,Testing,69,3,20,28,2
Hard,Documentation,85,1,13,48,5
Hard,Development,52,2,15,93,4
Hard,Development,84,4,4,79,10
Hard,Testing,37,1,6,40,3
Easy,Testing,66,3,13,73,8
Medium,Testing,96,4,15,67,1
Hard,Testing,99,3,2,35,4
Easy,Testing,53,5,14,14,1
Hard,Testing,16,4,16,76,2
Hard,Testing,40,4,9,20,1
Hard,Documentation,62,2,1,55,6
Hard,Development,69,4,5,21,1
Hard,Documentation,31,4,17,26,8
Easy,Testing,38,1,9,91,7
Easy,Testing,81,1,14,47,5
Medium,Testing,27,4,6,62,3
Medium,Testing,50,1,19,20,2
Easy,Documentation,90,3,9,96,1
Easy,Development,41,4,8,57,7
Hard,Testing,45,4,11,4,6
Hard,Testing,89,3,9,92,2
Hard,Development,34,1,14,52,8
Hard,Testing,76,1,15,53,6
Hard,Development,2,2,7,68,5
Easy,Testing,11,2,12,40,4
Hard,Development,24,3,7,64,9
Hard,Documentation,71,2,19,7,7
Medium,Documentation,33,5,12,11,6
Easy,Development,13,3,15,89,7
Medium,Documentation,23,3,2,5,4
Hard,Testing,68,5,7,100,6
Hard,Testing,43,5,10,85,3
Medium,Development,17,1,8,2,3
Medium,Testing,55,4,12,25,9
Medium,Development,98,2,6,1,7
Medium,Documentation,92,3,19,3,3
Medium,Documentation,64,3,5,63,10
Hard,Development,93,3,20,16,6
Medium,Documentation,92,2,19,91,9
Medium,Development,85,4,20,17,7
Easy,Documentation,30,3,13,38,4
Medium,Testing,49,2,7,59,8
Medium,Documentation,44,2,7,25,6
Hard,Development,59,4,16,65,3
Hard,Documentation,56,4,6,13,5
Hard,Testing,45,3,4,91,1
Medium,Documentation,50,4,18,90,2
Hard,Development,86,3,18,27,5
Easy,Testing,7,1,13,91,9
Hard,Testing,60,5,20,39,2
Easy,Testing,6,1,9,4,5
Medium,Testing,30,3,12,46,2
Hard,Development,97,4,4,35,5
Hard,Documentation,39,1,20,23,4
Easy,Testing,46,5,9,31,6
Easy,Documentation,51,1,14,19,6
Easy,Testing,100,1,17,18,9
Hard,Development,7,5,15,79,5
Hard,Testing,13,4,16,1,10
Medium,Testing,59,3,14,66,9
Easy,Documentation,53,5,1,35,4
Easy,Documentation,54,1,18,96,5
Hard,Documentation,76,4,17,83,3
Easy,Development,97,1,14,2,5
Easy,Documentation,67,4,4,96,8
Easy,Testing,55,2,17,45,4
Hard,Testing,41,3,16,8,3
Medium,Documentation,22,5,14,69,5
Hard,Testing,75,4,11,99,9
Hard,Development,90,3,7,75,7
Medium,Development,55,1,19,31,8
Hard,Development,90,2,20,1,7
Medium,Testing,54,3,17,77,2
Hard,Documentation,82,5,19,30,5
Hard,Documentation,49,2,2,5,1
Easy,Testing,74,4,6,20,3
Easy,Testing,77,4,11,28,4
Easy,Development,45,5,9,37,7
Hard,Documentation,32,5,3,43,6
Medium,Documentation,73,2,15,9,3
Easy,Development,58,3,8,71,8
Hard,Testing,85,1,1,95,3
Medium,Development,81,1,1,56,7
Hard,Development,2,1,19,35,7
Medium,Documentation,53,4,5,34,9
Medium,Testing,20,5,12,54,9
Easy,Development,43,5,5,86,9
Easy,Testing,34,5,12,15,9
Hard,Testing,4,3,2,94,5
Medium,Development,4,1,13,8,1
Medium,Documentation,53,4,20,53,10
Easy,Documentation,57,3,16,91,6
Hard,Development,98,4,11,62,1
Easy,Development,38,1,20,7,3
Medium,Development,41,3,20,88,5
Easy,Development,35,3,4,6,3
Hard,Testing,86,5,1,35,3
Hard,Testing,43,5,6,20,4
Hard,Development,17,2,4,71,4
Easy,Development,81,4,18,31,1
Medium,Development,7,2,17,35,1
Medium,Testing,50,1,4,60,1
Hard,Testing,66,3,10,1,1
Easy,Development,77,4,15,49,2
Easy,Documentation,49,3,15,83,3
Easy,Testing,73,1,9,39,3
Medium,Development,30,5,17,75,6
Hard,Documentation,51,3,18,89,8
Medium,Testing,62,5,7,21,3
Hard,Documentation,66,2,20,32,8
Medium,Documentation,17,1,17,67,9
Medium,Documentation,100,1,2,31,6
Hard,Documentation,57,2,16,32,3
Hard,Development,91,1,2,59,5
Hard,Documentation,63,1,11,98,5
Medium,Testing,96,4,5,85,3
Medium,Development,55,4,10,90,3
Easy,Documentation,1,3,5,78,2
Easy,Testing,92,1,12,32,5
Hard,Development,2,5,9,35,9
Hard,Documentation,41,2,2,67,4
Easy,Testing,82,2,19,95,8
Hard,Development,67,1,4,93,2
Medium,Development,10,2,4,85,4
Easy,Development,63,2,8,79,6
Hard,Documentation,68,5,7,74,2
Medium,Development,79,3,16,75,8
Hard,Development,83,5,6,54,2
Easy,Testing,36,4,12,74,5
Medium,Documentation,13,5,11,31,2
Easy,Development,84,5,8,16,2
Hard,Documentation,86,1,7,30,9
Hard,Documentation,49,5,20,57,3
Hard,Documentation,9,2,17,50,7
Hard,Documentation,29,3,3,91,4
Easy,Documentation,27,2,11,94,5
Easy,Development,80,2,19,18,5
Hard,Documentation,99,2,9,42,9
Hard,Development,92,5,13,51,5
Hard,Development,94,1,8,26,3
Easy,Testing,43,3,18,97,3
Easy,Development,20,3,11,92,7
Hard,Documentation,26,3,5,6,8
Hard,Documentation,90,1,8,44,10
Medium,Development,56,1,5,87,3
Easy,Documentation,22,2,16,67,5
Easy,Development,19,3,9,51,3
Hard,Documentation,8,3,5,0,1
Medium,Development,48,4,5,82,3
Hard,Development,75,1,11,23,9
Medium,Testing,19,3,11,68,8
Hard,Development,69,4,7,28,10
Hard,Development,76,5,8,40,2
Hard,Testing,60,2,10,76,4
Medium,Development,94,1,14,66,10
Easy,Development,68,2,2,52,3
Medium,Documentation,74,4,16,18,7
Hard,Documentation,94,3,3,22,3
Medium,Documentation,72,4,2,81,8
Hard,Documentation,91,1,11,92,1
Medium,Testing,17,3,14,40,5
Hard,Development,47,1,13,71,2
Medium,Testing,52,5,5,64,7
Hard,Development,25,2,14,69,8
Medium,Testing,62,4,1,2,6
Medium,Testing,6,2,5,77,7
Medium,Testing,16,3,4,94,8
Hard,Testing,79,1,14,1,8
Hard,Testing,21,1,13,82,6
Hard,Documentation,63,2,14,43,4
Medium,Testing,67,1,8,56,7
Hard,Testing,13,3,2,22,10
Medium,Testing,75,1,20,27,4
Medium,Testing,43,2,5,95,7
Easy,Documentation,79,1,17,30,1
Hard,Development,30,1,13,56,1
Easy,Development,71,3,10,38,9
Easy,Documentation,93,1,19,80,2
Hard,Testing,34,4,15,86,1
Easy,Testing,25,4,1,49,1
Hard,Documentation,44,4,7,93,1
Medium,Development,59,1,4,37,5
Easy,Development,72,5,13,87,8
Easy,Testing,35,3,12,66,6
Medium,Development,76,3,19,32,9
Easy,Development,96,4,7,72,1
Hard,Testing,64,4,13,68,1
Easy,Testing,28,3,8,72,3
Hard,Testing,75,1,6,9,9
Easy,Testing,39,1,18,28,1
Medium,Documentation,77,4,2,76,9
Hard,Development,74,2,19,63,10
Medium,Testing,82,1,7,84,9
Medium,Testing,4,4,9,85,6
Easy,Development,57,3,11,4,9
Hard,Testing,27,5,10,48,6
Easy,Documentation,83,5,19,11,1
Hard,Documentation,5,1,6,9,1
Hard,Development,96,5,3,26,6
Easy,Development,50,3,5,35,4
Medium,Development,98,1,19,56,4
Hard,Testing,74,1,2,26,3
Easy,Development,22,4,20,51,8
Hard,Testing,31,4,5,29,10
Easy,Development,50,4,18,71,5
Easy,Development,29,1,20,59,4
Medium,Testing,78,3,1,26,2
Hard,Testing,69,1,18,52,2
Hard,Testing,93,5,4,10,1
Medium,Documentation,8,4,8,19,6
Hard,Documentation,66,2,7,69,10
Hard,Documentation,76,3,10,24,5
Easy,Testing,50,4,5,90,4
Medium,Testing,95,5,6,75,1
Hard,Testing,63,4,16,45,8
Easy,Documentation,88,2,12,82,4
Medium,Documentation,8,3,7,76,9
Medium,Documentation,1,5,4,11,6
Hard,Testing,78,2,20,25,2
Easy,Testing,27,5,7,44,2
Easy,Documentation,93,2,3,15,3
Easy,Development,31,2,4,82,4
Easy,Development,30,3,4,73,4
Hard,Testing,92,5,7,85,8
Easy,Testing,39,1,9,65,1
Hard,Development,8,5,12,40,6
Easy,Documentation,76,2,11,18,7
Medium,Documentation,41,2,1,91,10
Easy,Documentation,76,5,13,91,2
Hard,Development,88,4,7,94,6
Medium,Documentation,49,2,8,47,10
Medium,Development,43,1,3,27,6
Hard,Documentation,92,2,9,75,1
Hard,Development,3,2,3,86,10
Medium,Development,24,1,20,4,1
Medium,Documentation,41,3,11,9,7
Hard,Development,18,2,1,49,9
Medium,Testing,10,3,5,37,10
Medium,Testing,2,2,13,52,9
Medium,Testing,67,1,12,42,4
Hard,Testing,92,4,17,52,9
Hard,Documentation,43,2,2,88,2
Medium,Testing,98,1,16,98,7
Hard,Development,3,3,12,59,7
Hard,Documentation,69,3,8,9,3
Medium,Documentation,68,2,13,77,1
Hard,Testing,92,3,19,98,4
Hard,Documentation,14,3,8,29,6
Medium,Development,78,5,4,66,4
Hard,Testing,55,2,17,27,2
Hard,Development,91,5,4,89,2
Easy,Testing,57,3,4,69,6
Medium,Development,89,2,1,28,8
Easy,Documentation,15,1,14,37,10
Hard,Documentation,61,1,15,47,6
Easy,Documentation,24,4,3,40,2
Easy,Development,48,3,9,81,9
Medium,Documentation,48,1,12,96,6
Hard,Development,5,5,18,38,4
Medium,Development,71,4,15,42,8
Hard,Development,13,1,4,51,5
Medium,Development,24,1,19,66,5
Medium,Development,13,5,3,88,4
Hard,Development,26,2,19,23,8
Medium,Testing,91,1,16,45,7
Hard,Documentation,89,4,20,56,3
Hard,Testing,85,1,11,70,2
Medium,Development,97,5,6,42,10
Hard,Documentation,40,3,12,37,3
Easy,Development,70,1,17,7,3
Medium,Development,90,4,15,43,8
Medium,Development,17,5,13,35,7
Easy,Documentation,64,2,9,100,6
Medium,Documentation,47,4,11,41,6
Easy,Testing,49,1,9,8,2
Easy,Testing,1,5,9,99,9
Medium,Documentation,64,5,5,30,4
Medium,Documentation,46,1,11,28,9
Medium,Documentation,23,2,6,31,9
Medium,Development,25,4,7,44,10
Hard,Documentation,62,2,4,57,1
Easy,Testing,95,5,4,65,4
Hard,Development,33,3,15,31,8
Easy,Documentation,54,2,2,21,5
Medium,Documentation,50,2,16,68,4
Medium,Testing,39,4,8,92,10
Easy,Development,66,5,2,79,6
Medium,Documentation,25,5,9,65,9
Medium,Documentation,43,4,3,64,10
Hard,Documentation,76,3,14,90,2
Easy,Development,45,3,10,45,3
Hard,Documentation,30,4,3,73,3
Hard,Testing,12,1,18,77,6
Medium,Documentation,52,5,12,9,8
Hard,Testing,26,2,5,29,8
Easy,Documentation,68,4,12,69,1
Hard,Documentation,13,2,1,87,10
Hard,Testing,62,3,14,55,3
Hard,Development,88,4,4,63,6
Medium,Testing,66,3,4,81,3
Easy,Testing,21,1,13,97,1
Easy,Testing,28,4,12,63,2
Easy,Documentation,55,2,19,93,8
Hard,Testing,30,4,6,95,5
Hard,Documentation,7,3,20,47,6
Easy,Development,53,2,17,10,1
Medium,Testing,46,1,6,61,5
Hard,Documentation,1,2,12,4,8
Easy,Testing,43,2,7,85,6
Medium,Testing,77,3,8,57,8
Easy,Testing,53,5,10,17,3
Hard,Development,25,4,12,28,4
Hard,Development,72,4,2,37,10
Easy,Testing,70,3,15,30,9
Hard,Testing,34,1,15,100,9
Hard,Testing,87,2,14,81,6
Hard,Testing,38,1,2,13,2
Easy,Testing,75,2,6,15,7
Hard,Testing,66,4,7,7,10
Hard,Documentation,56,3,7,3,7
Medium,Testing,2,4,1,100,3
Medium,Development,27,2,19,1,7
Hard,Documentation,4,2,20,25,9
Medium,Development,19,5,14,84,7
Medium,Development,15,1,9,19,3
Medium,Testing,55,5,9,39,2
Easy,Testing,100,3,12,90,9
Medium,Development,4,2,1,95,6
Easy,Development,70,2,9,2,10
Easy,Documentation,49,5,4,27,5
Easy,Development,51,2,13,72,4
Medium,Testing,62,3,12,69,9
Hard,Testing,81,4,16,24,3
Medium,Documentation,10,2,13,91,5
Medium,Development,6,3,8,31,8
Medium,Testing,33,5,19,85,4
Hard,Development,34,2,11,5,9
Easy,Documentation,44,5,6,63,2
Hard,Documentation,16,5,7,89,5
Hard,Documentation,53,5,14,36,6
Medium,Development,75,3,2,68,4
Medium,Development,17,1,12,88,10
Medium,Documentation,76,4,13,87,5
Hard,Documentation,35,3,19,3,8
Hard,Testing,59,3,13,94,9
Easy,Testing,20,1,9,94,8
Easy,Testing,19,4,14,57,3
Easy,Development,3,2,18,26,3
Medium,Development,100,5,13,47,6
Hard,Development,9,3,2,42,4
Hard,Documentation,2,2,10,42,6
Medium,Development,54,2,4,45,10
Hard,Development,29,1,7,55,6
Medium,Testing,81,1,5,81,6
Hard,Development,15,3,17,86,5
Medium,Testing,19,2,9,33,2
Easy,Documentation,71,4,12,68,2
Medium,Testing,67,3,5,41,8
Medium,Testing,81,5,13,22,1
Hard,Development,1,4,7,95,4
Easy,Documentation,69,1,1,12,1
Hard,Documentation,53,4,15,41,1
Medium,Testing,43,5,15,49,7
Medium,Development,85,4,15,14,10
Hard,Development,99,1,1,23,8
Medium,Documentation,10,5,15,30,5
Easy,Documentation,78,3,18,54,3
Medium,Development,22,3,20,37,5
Hard,Development,71,1,15,86,8
Easy,Documentation,33,2,6,10,8
Easy,Testing,66,4,4,0,7
Easy,Testing,31,1,19,95,5
Medium,Development,53,1,13,2,6
Medium,Documentation,61,4,20,55,3
Medium,Development,40,2,7,35,2
Medium,Documentation,62,1,15,83,7
Medium,Documentation,80,2,6,60,7
Medium,Testing,43,3,6,74,1
Medium,Development,64,1,13,79,6
Medium,Documentation,32,1,20,29,1
Easy,Documentation,100,3,4,63,9
Medium,Development,48,2,19,43,9
Hard,Documentation,100,4,3,35,6
Easy,Testing,80,1,4,21,2
Hard,Documentation,23,2,10,47,3
Hard,Documentation,32,3,19,46,2
Easy,Testing,67,4,14,86,8
Hard,Testing,44,1,13,36,5
Easy,Testing,65,5,18,17,7
Easy,Documentation,60,1,2,51,4
Easy,Testing,11,5,7,38,5
Easy,Development,44,2,16,31,8
Hard,Documentation,42,4,17,2,1
Hard,Development,39,3,5,72,4
Medium,Documentation,37,3,11,22,10
Hard,Documentation,8,4,1,81,6
Easy,Development,32,1,14,20,3
Medium,Documentation,53,4,1,25,8
Easy,Testing,66,5,18,39,9
Hard,Testing,11,4,19,26,8
Medium,Development,86,4,19,11,1
Hard,Documentation,64,4,4,47,9
Easy,Documentation,96,1,5,44,8
Easy,Documentation,12,5,18,21,1
Easy,Documentation,43,2,4,79,6
Hard,Development,33,4,6,28,5
Medium,Documentation,35,4,5,30,1
Hard,Testing,100,2,20,43,10
Easy,Development,37,1,20,71,9
Medium,Testing,91,3,16,40,3
Easy,Documentation,40,4,17,78,2
Easy,Testing,62,1,12,60,2
Hard,Documentation,62,3,8,4,1
Medium,Development,84,4,14,100,7
Hard,Documentation,71,3,1,79,10
Hard,Development,31,2,14,89,10
Hard,Development,58,4,8,70,5
Easy,Documentation,40,5,19,46,2
Medium,Testing,60,1,10,41,4
Medium,Testing,57,2,19,87,8
Medium,Testing,25,1,2,94,3
Medium,Development,23,5,13,10,10
Easy,Documentation,9,2,15,69,3
Hard,Development,64,5,17,20,8
Easy,Development,83,1,6,8,7
Easy,Development,95,2,1,18,2
Hard,Testing,72,1,14,64,9
Easy,Testing,37,1,11,33,9
Hard,Documentation,82,3,7,4,7
Medium,Testing,76,3,15,0,6
Hard,Testing,21,3,20,72,8
Medium,Development,17,1,17,55,8
Hard,Documentation,83,1,10,15,8
Easy,Documentation,78,3,19,60,3
Medium,Development,36,2,17,1,9
Medium,Development,32,5,5,21,4
Easy,Testing,49,3,7,73,1
Hard,Testing,94,2,7,23,9
Medium,Documentation,21,4,2,40,5
Medium,Testing,62,5,4,77,9
Medium,Testing,57,1,13,96,9
Easy,Documentation,64,2,19,0,4
Medium,Testing,88,5,10,35,5
Easy,Development,8,5,14,47,2
Medium,Development,91,1,3,6,10
Easy,Testing,77,1,10,32,2
Medium,Development,9,5,17,89,9
Medium,Documentation,58,1,11,53,5
Medium,Testing,98,3,7,35,1
Hard,Testing,66,4,11,44,2
Easy,Development,83,1,9,84,7
Medium,Documentation,68,3,4,90,2
Hard,Documentation,63,2,16,85,9
Easy,Documentation,75,1,8,63,4
Hard,Development,33,5,2,30,4
Medium,Documentation,44,4,9,1,10
Easy,Documentation,50,3,13,87,6
Easy,Development,78,5,8,27,5
Hard,Documentation,68,4,19,29,8
Easy,Development,24,1,3,96,1
Medium,Testing,99,4,5,81,5
Easy,Development,80,1,14,49,9
Hard,Testing,59,1,20,90,9
Easy,Development,29,5,14,82,9
Medium,Testing,91,3,1,33,1
Medium,Development,1,2,19,93,4
Hard,Testing,48,5,12,5,10
Easy,Testing,91,5,2,54,1
Hard,Development,17,4,3,80,5
Hard,Documentation,38,1,13,30,7
Medium,Development,28,1,4,28,2
Medium,Development,94,2,11,50,5
Easy,Testing,28,4,4,70,8
Hard,Development,21,1,5,39,8
Hard,Testing,60,3,12,11,6
Easy,Documentation,80,4,3,50,8
Hard,Development,27,1,13,85,6
Hard,Testing,96,3,8,64,1
Medium,Development,85,2,7,49,5
Medium,Testing,32,2,16,47,9
Easy,Documentation,38,3,8,82,8
Hard,Development,47,4,14,16,6
Easy,Testing,7,1,3,82,7
Medium,Testing,6,4,8,21,10
Easy,Testing,14,4,10,88,2
Medium,Development,75,1,16,83,7
Easy,Testing,6,2,11,75,3
Hard,Documentation,83,5,20,43,4
Medium,Testing,80,3,3,2,7
Hard,Development,18,1,5,35,8
Hard,Development,43,3,16,39,3
Hard,Testing,95,2,6,13,7
Easy,Testing,77,1,16,51,6
Medium,Documentation,87,2,5,53,10
Easy,Testing,78,2,17,15,4
Hard,Documentation,65,5,20,7,5
Easy,Development,85,3,3,83,3
Easy,Testing,50,3,19,100,8
Hard,Testing,97,4,7,29,7
Medium,Development,47,4,1,1,4
Easy,Testing,13,1,1,23,10
Easy,Testing,56,3,12,88,1
Easy,Testing,21,2,16,84,9
Medium,Testing,17,2,18,0,4
Medium,Testing,37,5,16,48,10
Hard,Development,99,3,18,5,10
Easy,Testing,36,2,5,41,2
Medium,Development,16,1,11,2,3
Easy,Development,93,2,2,96,3
Medium,Development,85,3,19,69,3
Medium,Development,5,3,9,86,9
Medium,Testing,94,3,16,9,1
Hard,Documentation,43,2,2,90,4
Hard,Development,31,4,6,97,6
Hard,Documentation,51,2,19,27,1
Medium,Development,45,2,3,50,9
Hard,Documentation,38,4,18,37,5
Medium,Testing,92,1,17,98,2
Easy,Documentation,85,4,8,43,9
Easy,Documentation,71,5,6,63,6
Medium,Testing,62,2,1,96,6
Medium,Documentation,39,3,13,70,6
Easy,Documentation,46,3,16,20,4
Easy,Testing,5,3,19,93,9
Medium,Documentation,51,1,8,70,9
Medium,Testing,21,3,18,75,3
Hard,Documentation,78,1,6,70,3
Medium,Development,39,2,11,18,2
Easy,Testing,45,1,12,19,1
Easy,Development,52,4,9,92,6
Hard,Testing,85,2,20,61,10
Hard,Documentation,76,1,18,99,7
Medium,Testing,52,2,1,44,6
Medium,Documentation,6,1,20,0,7
Hard,Documentation,59,1,8,82,6
Easy,Testing,41,4,11,18,4
Hard,Development,39,5,10,36,9
Easy,Development,67,1,5,56,8
Easy,Development,17,3,5,20,10
Hard,Development,86,1,3,57,4
Medium,Development,77,2,6,12,3
Easy,Development,16,1,5,39,8
Medium,Testing,96,3,10,15,6
Medium,Development,84,1,3,60,9
Hard,Testing,59,3,3,39,5
Easy,Development,66,2,5,16,7
Easy,Testing,35,1,14,8,8
Medium,Testing,91,2,11,80,4
Medium,Testing,23,4,17,41,9
Easy,Documentation,55,2,10,99,6
Easy,Testing,89,5,12,15,7
Medium,Development,69,2,9,15,7
Hard,Documentation,65,2,20,11,3
Medium,Testing,36,1,16,43,2
Easy,Testing,35,4,10,54,2
Medium,Documentation,26,5,13,88,8
Medium,Development,87,2,4,72,3
Hard,Testing,78,5,16,62,3
Easy,Development,66,4,19,15,3
Medium,Development,39,5,17,32,2
Hard,Testing,58,5,6,26,9
Easy,Testing,95,4,5,76,5
Easy,Testing,39,5,1,70,3
Hard,Testing,81,3,14,11,4
Hard,Documentation,44,3,6,18,5
Medium,Development,33,2,11,68,2
Medium,Development,93,1,2,84,4
Medium,Testing,75,1,19,96,10
Hard,Testing,40,1,3,95,10
Medium,Development,65,2,13,62,10
Easy,Testing,82,3,14,56,7
Hard,Development,98,2,8,76,3
Easy,Documentation,15,4,20,58,3
Easy,Testing,56,2,17,87,10
Medium,Documentation,97,4,12,52,6
Medium,Development,60,4,1,85,9
Medium,Documentation,8,2,7,37,4
Easy,Testing,33,1,7,1,1
Medium,Development,70,5,6,88,7
Easy,Documentation,66,5,6,100,10
Hard,Testing,52,1,14,27,7
Easy,Development,33,3,6,39,6
Medium,Documentation,56,2,9,14,9
Easy,Documentation,80,5,6,59,2
Medium,Documentation,32,1,9,17,9
Hard,Development,54,5,11,66,5
Easy,Development,23,5,1,1,2
Hard,Documentation,21,2,10,24,4
Hard,Testing,23,1,3,2,9
Hard,Testing,50,2,14,87,4
Easy,Testing,2,1,2,75,1
Medium,Documentation,76,3,12,51,7
Easy,Documentation,17,1,2,28,10
Medium,Testing,78,1,3,96,6
Hard,Testing,49,3,4,88,4
Medium,Documentation,53,2,12,93,2
Easy,Documentation,20,5,19,6,7
Hard,Development,3,1,10,44,7
Medium,Development,18,3,19,47,8
Hard,Development,82,1,19,13,10
Hard,Documentation,39,4,2,11,5
Easy,Documentation,89,5,12,66,7
Hard,Documentation,13,2,1,25,9
Hard,Documentation,24,5,3,16,6
Easy,Development,49,5,8,87,8
Hard,Testing,89,5,10,1,3
Hard,Development,88,5,3,68,4
Hard,Documentation,86,3,11,0,6
Easy,Testing,83,5,16,74,6
Medium,Documentation,47,4,6,19,9
Medium,Testing,97,2,3,38,2
Hard,Documentation,16,5,13,1,1
Hard,Documentation,3,3,20,45,1
Easy,Testing,85,3,18,56,4
Hard,Testing,88,3,4,45,9
Hard,Development,60,5,7,4,6
Hard,Documentation,51,1,6,47,4
Medium,Development,11,5,5,26,9
Medium,Testing,40,5,12,40,10
Medium,Testing,28,4,10,99,3
Easy,Testing,72,3,8,61,6
Easy,Testing,83,4,17,75,3
Hard,Development,96,5,1,18,10
Medium,Documentation,13,5,17,63,10
Medium,Testing,46,3,8,37,4
Hard,Development,15,2,11,78,2
Easy,Documentation,16,5,3,46,2
Easy,Documentation,48,1,2,78,3
Medium,Documentation,16,3,20,20,4
Hard,Testing,65,3,1,22,5
Easy,Testing,20,3,16,59,9
Hard,Development,31,5,9,27,6
Easy,Testing,25,4,8,22,4
Easy,Documentation,66,1,12,47,6
Easy,Development,83,4,10,52,5
Easy,Testing,25,2,18,50,8
Easy,Development,1,4,7,53,3
Hard,Development,41,3,11,96,2
Medium,Testing,5,5,18,22,1
Hard,Development,87,2,9,73,8
Medium,Testing,62,5,15,33,7
Easy,Testing,38,4,12,60,6
Easy,Testing,47,1,3,96,10
Medium,Testing,53,1,16,28,9
Hard,Documentation,67,2,6,98,8
Medium,Documentation,2,2,15,68,5
Hard,Development,14,3,13,13,1
Easy,Documentation,83,2,2,58,9
Medium,Documentation,75,3,3,92,6
Hard,Documentation,74,2,18,22,1
Hard,Development,86,4,1,55,6
Hard,Testing,50,1,13,16,10
Hard,Testing,80,4,1,88,7
Hard,Development,44,5,14,100,1
Medium,Testing,38,1,2,5,1
Hard,Testing,73,3,3,71,3
Hard,Testing,75,2,12,14,5
Easy,Testing,56,4,17,81,5
Hard,Documentation,71,5,4,52,5
Easy,Development,68,3,7,55,1
Hard,Testing,79,3,17,33,4
Easy,Documentation,52,4,1,90,7
Hard,Testing,56,2,17,87,4
Hard,Testing,50,2,19,7,2
Medium,Documentation,31,1,16,97,10
Hard,Development,38,5,18,82,2
Medium,Documentation,56,3,18,33,7
Easy,Documentation,80,3,11,78,4
Medium,Development,37,5,17,41,6
Easy,Documentation,29,5,6,1,10
Easy,Development,66,2,18,17,5
Medium,Development,27,3,14,29,2
Hard,Testing,57,5,15,41,6
Easy,Testing,84,1,5,24,10
Easy,Documentation,42,5,1,32,10
Medium,Development,4,4,6,64,1
Easy,Testing,37,2,18,31,6
Medium,Documentation,96,1,1,3,8
Medium,Documentation,15,4,11,66,1
Hard,Documentation,4,4,1,45,7
Easy,Documentation,98,4,8,19,3
Easy,Documentation,12,5,19,69,2
Hard,Testing,19,2,3,39,2
Hard,Documentation,86,4,16,15,10
Easy,Testing,63,1,7,11,2
Easy,Testing,39,3,10,91,6
Medium,Documentation,58,4,9,96,10
Medium,Development,14,4,16,32,4
Easy,Testing,91,2,14,90,2
Hard,Development,73,5,12,72,4
Easy,Development,55,5,8,29,4
Medium,Development,22,5,13,7,4
Easy,Documentation,14,4,8,96,3
Medium,Testing,3,4,15,84,7
Hard,Documentation,49,2,2,69,6
Easy,Development,40,1,20,65,7
Medium,Documentation,61,2,2,10,5
Hard,Development,100,3,13,37,3
Hard,Testing,30,1,6,90,2
Hard,Testing,3,3,12,71,8
Hard,Documentation,84,3,1,14,6
Hard,Development,83,5,9,86,1
Medium,Development,19,3,18,57,6
Medium,Development,24,3,16,70,2
Medium,Documentation,9,4,9,15,2
Hard,Documentation,54,1,4,53,3
Medium,Testing,26,2,9,68,2
Medium,Development,61,1,12,49,7
Easy,Testing,67,5,4,16,8
Easy,Development,18,5,2,87,4
Hard,Testing,61,4,15,55,1
Easy,Testing,19,3,17,88,4
Medium,Development,69,2,4,24,6
Hard,Testing,3,1,13,90,6
Easy,Testing,84,4,10,97,3
Hard,Documentation,75,3,3,58,8
Medium,Testing,59,2,9,34,8
Medium,Development,33,5,15,52,8
Hard,Documentation,99,3,17,42,2
Medium,Development,52,1,2,82,7
Easy,Testing,18,2,16,26,10
Easy,Development,48,3,20,68,4
Medium,Testing,42,1,8,76,5
Easy,Documentation,99,4,13,47,5
Easy,Documentation,63,2,18,49,9
Hard,Development,36,5,13,98,8
Hard,Testing,6,5,12,27,2
Medium,Development,82,2,11,18,10
Medium,Testing,27,4,20,50,1
Hard,Development,17,5,16,69,10
Hard,Testing,91,4,3,71,5
Hard,Development,5,5,6,26,1
Hard,Development,25,1,6,72,1
Easy,Testing,13,3,20,11,4
Hard,Testing,27,4,14,15,4
Medium,Documentation,11,4,8,58,7
Easy,Development,8,2,14,15,2
Hard,Documentation,70,1,5,41,7
Hard,Development,68,4,3,71,10
Medium,Testing,89,1,14,90,5
Medium,Testing,83,1,16,78,7
Easy,Documentation,97,3,13,97,1
Hard,Testing,100,2,1,84,5
Easy,Testing,9,1,7,65,8
Hard,Documentation,50,5,15,86,2
Easy,Testing,68,5,5,51,10
Easy,Testing,27,4,13,30,6
Medium,Testing,89,4,4,53,2
Hard,Documentation,31,2,12,53,1
Medium,Documentation,75,4,17,53,2
Hard,Documentation,8,2,8,47,1
Medium,Testing,8,5,15,84,7
Easy,Documentation,16,5,8,65,7
Easy,Development,12,5,17,91,6
Easy,Documentation,30,4,20,82,9
Medium,Documentation,12,5,1,41,1
Easy,Documentation,43,4,18,34,2
Medium,Development,6,1,2,47,5
Easy,Testing,46,4,13,94,10
Medium,Development,90,3,11,76,9
Easy,Testing,55,3,8,71,2
Hard,Development,24,2,14,21,7
Hard,Testing,57,3,6,61,6
Hard,Testing,42,2,10,55,1
Easy,Development,39,1,12,6,9
Medium,Development,57,5,11,98,9
Medium,Development,45,3,15,17,1
Hard,Testing,98,1,12,29,3
Easy,Documentation,87,2,12,75,1
Easy,Documentation,22,1,2,53,5
Easy,Development,93,5,8,17,3
Easy,Testing,28,2,19,53,9
Hard,Development,82,4,12,87,8
Medium,Documentation,55,3,15,58,5
Hard,Testing,63,4,5,94,5
Medium,Development,76,2,16,73,5
Hard,Documentation,12,3,20,60,8
Hard,Development,34,1,4,61,2
Easy,Testing,81,4,5,58,5
Medium,Development,59,4,1,57,6
Hard,Documentation,3,2,18,96,9
Hard,Documentation,76,3,7,45,2
Medium,Development,49,3,10,38,6
Easy,Development,68,3,12,30,7
Hard,Documentation,83,1,11,48,1
Medium,Development,25,5,19,22,4
Hard,Testing,91,5,11,48,2
Hard,Documentation,30,3,14,90,2
Easy,Testing,25,3,10,45,9
Hard,Development,3,4,14,51,7
Medium,Development,20,5,6,96,1
Hard,Testing,11,3,19,43,9
Medium,Testing,19,4,13,13,7
Hard,Documentation,22,1,12,39,4
Easy,Documentation,73,4,16,32,7
Hard,Development,29,1,14,55,9
Hard,Testing,9,3,10,16,4
Easy,Development,28,5,15,69,9
Medium,Development,55,2,12,55,7
Medium,Development,41,4,14,4,4
Easy,Testing,40,1,20,15,6
Hard,Development,3,2,15,15,4
Hard,Development,10,1,4,67,9
Hard,Testing,48,2,15,77,5
Medium,Documentation,98,4,9,16,1
Medium,Documentation,50,2,16,20,8
Medium,Testing,39,5,3,62,4
Hard,Testing,46,2,17,64,3
Hard,Testing,75,3,9,13,9
Easy,Testing,41,3,9,28,4
Medium,Testing,94,1,5,4,2
Hard,Documentation,16,5,12,73,10
Hard,Development,47,4,1,13,7
Medium,Development,28,4,10,51,9
Easy,Documentation,49,3,12,56,1
Hard,Testing,67,3,10,52,1
Hard,Documentation,17,1,7,71,9
Medium,Development,43,4,5,93,1
Medium,Documentation,4,1,5,43,3
Hard,Development,73,2,10,59,5
Medium,Documentation,21,2,20,67,2
Medium,Testing,44,4,17,98,1
Hard,Development,85,3,2,87,7
Medium,Development,24,3,6,44,4
Easy,Testing,55,4,15,71,2
Medium,Development,51,3,7,10,3
Hard,Documentation,96,2,20,0,4
Hard,Development,81,4,1,25,4
Easy,Testing,58,4,2,21,10
Easy,Documentation,80,1,3,100,7
Hard,Documentation,8,4,19,12,1
Easy,Testing,86,4,15,73,10
Medium,Documentation,12,4,7,92,7
Easy,Development,37,4,16,84,3
Hard,Development,69,4,2,64,5
Easy,Development,65,4,10,29,1
Medium,Testing,33,2,19,47,4
Easy,Documentation,46,2,16,82,8
Easy,Development,49,4,16,65,2
Medium,Documentation,69,2,8,81,2
Easy,Testing,55,1,14,65,1
Easy,Documentation,96,3,3,35,6
Easy,Testing,2,1,14,19,7
Easy,Testing,88,1,5,70,2
Easy,Documentation,5,4,18,8,6
Hard,Documentation,92,4,20,49,4
